id,lfc,qval,sig,genus
ebf9457dae6bd1ff13970e6338f7066f,8.250767733174783,2.2393500876941817e-106,True,Unknown
b780f6c84a7f72f2516d2e2f731e821e,7.961026951675741,1.4575632854328298e-92,True,Unknown
5f3a5396b5a35ee2572fb21818e7456c,7.849914433772584,1.3342765904987498e-84,True,Puia
f2ce9ee5f37728b4075a8b14ac960d84,7.791447652407221,3.113514301873844e-164,True,Sphingomonas
b0c292093dd9eb8a4f4ce74e9d54fbb1,7.697771196456541,1.3349763335692792e-110,True,Unknown
6a3f4b757a203f2bf5b7fdc6fe6bce0e,7.515317829945177,9.623961014440326e-107,True,Ralstonia
adae2ba50d518664e322fdf3024873f9,7.46807532587351,2.549966569884581e-104,True,Sphingomonas
2c7db4e1fde2d1074dcd03c27c5cae10,7.467931406978611,3.087065720838987e-108,True,Bradyrhizobium
d8e158ff0c7ab38a6754f6e9c792d2c5,7.466685306988978,1.7458934518882021e-96,True,Mesorhizobium
e199552fa615f7327512b29f3831376e,7.44767359847758,5.36655779208051e-113,True,Methylobacterium-Methylorubrum
85f2af2901bbc5c60212c8347d7b4c74,7.277169186789509,1.007598180472597e-92,True,Unknown
734d33f80d08c473bc2881e92cf3a4de,7.097374538714435,3.481477642176364e-105,True,Burkholderia-Caballeronia-Paraburkholderia
a7850218a0369c60fdcb596b4f58fa41,6.994441856788116,1.3811762342458848e-92,True,Novosphingobium
4d73baf8ed94be9078ed3a9ac6b59cd6,6.933718018913062,3.0442028960445306e-87,True,Unknown
bacb75b6f29c5217f6de1d73c8e012a4,6.927314421940633,8.919896722951411e-109,True,Cupriavidus
0c311e7c1092ebd3d9d2d1946b5cb6a5,6.893110393083756,4.2783287845606895e-86,True,Sphingomonas
27596b88775410c60cdab084bf731bea,6.787526602192006,5.199615107666601e-53,True,Pseudomonas
d1bea44013fc59819dbccce6c7453e38,6.781607580221387,3.9589172675164514e-99,True,Unknown
def6d36118f19add209440ea4ac01ef2,6.491497515215997,6.151822795990358e-88,True,Terriglobus
e54c4713738e375b2ddffab1f0eea0ee,6.487990655523953,1.2291080176691132e-86,True,Unknown
f151910e610ab88b21756e1ec135ea99,6.464979706613715,6.194787023260301e-104,True,Candidatus_Babela
8ad8aeee3fbf853d3c39365cce52131a,6.459108708039393,1.4487031606855485e-82,True,Unknown
c437f9644da990787db25d3a34809b63,6.313621817781566,1.2569944294272416e-79,True,Cellulomonas
380858dfcecb67002f62d3bc72c61f52,6.257970311592196,1.260886221962138e-102,True,Pseudolabrys
d291bc6fad19faede2bffebefd64321f,6.1541313363019166,5.0676881718140525e-80,True,Unknown
277853d5d3802ae1e98aaa02a3fb056b,6.151138782263856,8.335011990335404e-73,True,Unknown
1055140172beef44dc48e43b98eaef32,6.048110990053587,5.0548570007743255e-64,True,Bradyrhizobium
cf6ab24511055d79b567cbf7d02d2676,5.969829715249006,1.0740053686714332e-85,True,Reyranella
af784d2c36d9351deec4710e9006cbf2,5.832472488144303,3.979736505076135e-85,True,Bosea
0a5a582ac168d9d1394339182d95fead,5.831953625781345,1.2879338647435993e-62,True,Unknown
115206eae50236c131f7367ef9208c89,5.732176842641073,1.17077822270031e-63,True,env.OPS_17
cf42aa9293b4b779ba2336a6d85446db,5.693884166283504,1.9144768314000456e-94,True,Procabacter
99c3b3f89d81b9fcd8afc99b5159fe70,5.62162423504962,6.21547111185913e-88,True,uncultured
7409fbba5cce0cf4385d9581c876f208,5.588148181060562,1.1260471515448708e-69,True,Meiothermus
09300d62afcb19f910214d86fdb2d648,5.555048542280604,2.518247287827726e-77,True,Mucilaginibacter
d7eb003d5e1de847fcb9a9c024ddeb59,5.554791679739218,1.0918511340909487e-77,True,Hyphomicrobium
e3c7c268dc984bf1980bb7a2d03495b9,5.484315084419452,8.990045393040567e-74,True,Spirosoma
42cc62bd4aed58d9795571ee45b7fa8d,5.472216737770372,4.383670296363514e-68,True,Unknown
968545164275c8f8fc67f7619cdef215,5.45520415067803,7.0694795964215924e-74,True,Unknown
b49c0c909b345c10722c40b2abe8e56d,5.398661246179618,8.628227087433838e-59,True,Burkholderia-Caballeronia-Paraburkholderia
9e8b65a6446ae9639bd5b792eaaf0216,5.379227745484566,4.443280010480556e-94,True,28-YEA-48
e65acd9961aca0242f6a9b9e9f23a133,5.2660444472753465,1.5701067329122258e-63,True,Acidibacter
e5f2abb39e0e47bcefcf524380e29e8c,5.209823449399632,1.1644656910510435e-62,True,Acinetobacter
754f30148e20d5a69ade0a5e7167a657,5.133137685483865,3.085283952700403e-78,True,Cupriavidus
c4cca7793f5269faf9a5ba4636142226,5.05715386657619,3.0403783771725893e-77,True,Unknown
095301cfc41502573b3362ab19621710,4.968499685161296,4.3208421383601674e-92,True,Phreatobacter
6534f1895d7c8ac6ea6f3ae3d94a7e7d,4.872457492764632,2.255438994868181e-71,True,Unknown
0217c9ac7df3c193e9ab984d0d877add,4.844032960475181,8.327425300005228e-59,True,Cupriavidus
86d632acdacfe0c89018ab6e91501ba0,4.83568956766816,1.1910884773492385e-87,True,Caulobacter
057493388aad033f7bea8b5345daa32c,4.829041430691568,2.476357579236119e-50,True,Mycobacterium
94b93b26a645bafe8d8027198337dac8,4.81161375003518,5.904819570869328e-56,True,Unknown
669a300d7fc22fbff82bb43fd2e1bbfe,4.760236647280259,1.0062783910990552e-79,True,Unknown
1651c125bf4dd20b95d2b7b1cdb9af02,4.72468031836418,1.9854360628395314e-79,True,Unknown
3adb4b18a5923e23e28cec70c3dab780,4.722155667845023,3.744369637300746e-56,True,Unknown
dc8c61de69ca18e560ab24b886270cfb,4.675504220230081,5.953200014907077e-72,True,Singulisphaera
dce49a82f0f59932f31db9e1b447a076,4.608403325917767,7.47608484163601e-61,True,Nevskia
fbc5489cb1872cf1bca05749eeeb6cca,4.565986992304039,3.67778171684676e-49,True,Sphingomonas
fbe33ee7a502b038dc5a09fcdff3b3bb,4.486672245090894,1.034305217891207e-56,True,Mycobacterium
7367f07b9a6b36180b91b6f618eeba51,4.459971077167401,1.99601572961026e-80,True,uncultured
e117be44b57305bf0c00b3c939785a93,4.427138377719669,7.886480159998458e-43,True,Paenibacillus
546e0eec8a6b42db676adfd496edf6b1,4.409616273168927,1.0246536478003976e-59,True,Jatrophihabitans
61e7f728ac1374f0b6e318d2e13ca951,4.404403494436556,4.12127677718917e-60,True,Aquabacterium
706adb25c0695e839b625a1d45611517,4.393945249592675,2.0619918142115198e-63,True,uncultured
b2d3312c902275814d5996be81c57daa,4.296020567279529,4.746167305698218e-60,True,Unknown
6545aec3cb48485619bcbfa687a4fd16,4.276133072936783,9.88638165931197e-66,True,Reyranella
e42dd2db0e02be1e09610842109cbe7b,4.219593090120966,2.264076101620996e-60,True,Unknown
09e59077927d146fdcc63eacab1fa8bd,4.2145024387783545,5.8099122326128174e-52,True,Cupriavidus
95aeb5e29d2c6441f1dc4978875c8408,4.210404850150983,1.6496706533030985e-55,True,Staphylococcus
8a35bb8dcf943dd9e4876f57fc1f7ad6,4.147264841518115,6.033764956173248e-57,True,Unknown
b5583990f80781c6c68816df06921caf,4.139073837767423,9.215732798942263e-58,True,Meiothermus
107213e1d2e48bf90afe02a6238d12a6,4.125788590960788,8.897522692099472e-49,True,Cohnella
14959b0c82851121a969ac3750fd9828,4.093651306547034,2.0619918142115198e-63,True,Unknown
9bc666bb3b12dc27ffd10641387dc3df,4.042233423713508,5.699036858701146e-66,True,Unknown
50b5e963db6a4f935276ea90d35e6a53,3.981047780500908,1.7921184206923553e-48,True,Methylobacterium-Methylorubrum
5f6ab2a6248c9eeef40fef504d85531b,3.840752230906293,2.1485563148785245e-63,True,Reyranella
599a2098db5ea70a071ea3314ddc4d79,3.829663715152016,9.092154145233244e-42,True,Reyranella
18c1b8d6cf6317835aa4c339e6b01af2,3.8020642094122192,2.0507334946667864e-58,True,Unknown
f193c85f08779f7e14222f341993ff26,3.7838426152408,1.0078888336555757e-56,True,Puia
e21402de453e2093842b3e3ae338e0a8,3.7741564034336808,1.5704668145919168e-41,True,Unknown
125beb66abc202ce6f32de736a04d405,3.772708012956405,9.685206330900609e-57,True,Obscuribacteraceae
2e93de08bcb1ae0e98d9cc33e63d4455,3.7540723026520704,1.782952660294602e-54,True,Asinibacterium
4c45bcd37a9a7eccf07fec9f61ead519,3.7345475183285215,4.780723186833316e-78,True,Corynebacterium
f2fb159be5313d2ef8d1776838952dca,3.70812738071442,1.3001249955064476e-62,True,Lineage_IV
77f1a2de76161255c085b51b3054de99,3.6776451440235824,1.1409468646361491e-60,True,uncultured
c969ade13c832ba5e691ed356161b51f,3.615091643038647,6.974135951622022e-45,True,Unknown
0096ed2b4fbf0e7e52737d701311029c,3.586175542785003,9.12326204434794e-57,True,Unknown
512fdc31c09967db17a2ea02c84c5b9e,3.5839873021574906,2.917363227809408e-67,True,Heliimonas
757fda1db4e03d58fbcb22ba1591d51c,3.5796172328630047,1.7098622247617263e-53,True,Bosea
96c31672b28a64fe0f71a2804a03cf2c,3.5771421314786847,4.268811752739973e-35,True,Massilia
c8ac8365c41f38e03f0bf3f6dea2fd48,3.543760107597477,2.1073052334299306e-61,True,Unknown
edc1ff93ae4019284653a47523a23bee,3.499823322377349,5.500349717608643e-48,True,Ralstonia
ce8cc6c6a73ef6d2e459eab33c97d318,3.483307992422869,2.779822762242491e-56,True,Unknown
3535810e010eb888bff1b8f3836ea92e,3.4723224578519165,2.1257993604437004e-66,True,Lawsonella
986b21a48f4a80c900d28150e74f7f0f,3.4605217164596542,4.0598221855718116e-61,True,Bryobacter
2d35daa1260e78d049acac50cf275f2f,3.356470672007773,1.919879834302875e-52,True,Paenibacillus
d85334c42105a45b58a7de2efa4d5931,3.351175301025969,7.566578128813344e-62,True,Unknown
06e916fdd73039e8f25ec3c9d6323dc1,3.3462756010237897,2.299849160691527e-50,True,Sediminibacterium
a465cb75b5cba57b29d357b578f13cad,3.345204251861312,3.3948697003859166e-62,True,Unknown
3d8b588a1c3e0b70d718bc1a1b9ef164,3.3356124112973022,1.909092201332738e-63,True,Gemmata
601b02023c3b76293407b72f10d0adb2,3.239254913354255,1.2256713292978108e-76,True,Reyranella
fbf8a15f7b78c1542c9a1c6077111f01,3.200107752550818,2.559058854619413e-65,True,uncultured
7e87896f91e52cfebbbbd9427ae4fffb,3.2000481555282203,1.478528231773723e-65,True,Unknown
72f8cbc608853f73cbab5b85381e4169,3.192602263058789,7.517972772193679e-48,True,Nocardioides
9f99138e33e409e5bc5ab3939fc748b3,3.1849015466865107,2.6526428678400103e-64,True,Pajaroellobacter
0285af783be2af1033f7780f0bcc551f,3.184167664406933,3.1283185705478413e-47,True,Sphingomonas
94f699db9d2b5fca5aae2a724ec4acf8,3.156307618852212,3.177476998667881e-61,True,Obscuribacteraceae
4da3f5984708a7270f5601629d5169cb,3.154591995482661,3.3456736409397717e-68,True,uncultured
3bd462e724cead4885ab0721df2e0a38,3.143138783451754,1.869480247609921e-40,True,Sphingomonas
4d0876150921fb01f333cb8998e5ac23,3.132938999338574,1.058026088361084e-65,True,Unknown
1cdb1057d1c5e7f0fb50ca9a8cc35510,3.1150504304659306,7.146543341056e-41,True,Bacillus
cdf98e6f5275cc9219f2f330163f4878,3.114441959985341,1.3159310546276112e-41,True,Legionella
48692fa0de4376e28469b3309ef24b49,3.11318440256754,7.471182170299145e-42,True,Methylobacterium-Methylorubrum
d0e537002e3f56ec393da6cbaa891aac,3.0949874596995977,3.071403269606037e-39,True,Devosia
2a50094bdd81264a0efb9160568d156a,3.055420730654207,4.7120455662084815e-46,True,Unknown
52de85e35a36efb64a51f6088d2aa923,3.052055798953053,2.1244705734496843e-61,True,Bryobacter
866e0f6ae81531d11d12893e0fa46c12,3.0403635377118143,8.351692368322218e-61,True,WPS-2
727e7762328f26995b073d19b4f14eed,2.9991078533863886,7.223147514033831e-58,True,Unknown
4975050d9085965411d6c7a70800d5b5,2.9987948282961097,2.282082683934981e-47,True,Micrococcus
8657252b1f2c168947ea323818675ab3,2.993456236671728,2.7223978379068908e-39,True,Sphingomonas
be16a993742c300d5903836e2cca2dc6,2.98568446936505,4.558967392570341e-37,True,Sporichthya
cdda6de9a96e17aebf1ef5e2ac23f19b,2.9818433168728964,3.0198170414910864e-50,True,Unknown
7b9b5d519c10c822d5a4bf4b431cd733,2.947856815847648,3.074137153124359e-59,True,Novosphingobium
1ce0224b1dce165d6d8b4695c842f672,2.937319544722851,3.189959662957173e-73,True,uncultured
b9be4c52adadecaabce43c8fae297a92,2.904497762947741,1.3785560522942278e-63,True,Ferruginibacter
1db6c6b85fab4348b50d2a8295aab847,2.901343919684251,6.26656962899555e-43,True,Brevibacillus
8f97db3237ea6feb043ce163e157fee5,2.892085044878155,1.0841749037186664e-54,True,Corynebacterium
fc27b1f21636edef56c8520d9fba91ad,2.860352125946965,1.8243057050174182e-55,True,Reyranella
a771edcede68d3670fd37163276d1fce,2.850852217593695,1.244360682573556e-39,True,Novosphingobium
d6a9f33e97ad8fb5929a79381d309a32,2.8453454489589607,2.989888346239845e-53,True,Acinetobacter
6949194cb63d69858d2fc19aa25bc0e9,2.8361716684370584,6.911500998473251e-48,True,Unknown
20c062404763f72307aac639ec3b4f10,2.813730926154137,1.6796443733050088e-49,True,Pseudomonas
a67f1ee94822fd98f0025c50622b3167,2.8049938792766262,2.060787172629544e-56,True,Candidatus_Obscuribacter
854e02251a55b2ec852a983775ee4316,2.7939651843610327,6.692575981115379e-64,True,Phenylobacterium
64dbebb9b346fcba08d3db28f95f71a3,2.79062756696128,7.304269849058819e-66,True,Unknown
5617501c36ce9cb244be71a7fa053efa,2.774709479752879,9.976346023923974e-43,True,Unknown
a17b3edc15977d3bb7272e9e8f88fc6b,2.7703067419886374,2.533416603176965e-67,True,Unknown
a447727747be5c961d2e2e13dfa176be,2.759406260336944,2.5510368935685543e-60,True,Hydrotalea
806c9dfbe2025081bb369e196caa9ced,2.7583665445654866,1.881713586787301e-61,True,Puia
94edc8c1b2c09c42d5f82b34b9bf5b34,2.755398484651505,8.796811908930053e-72,True,Unknown
a36ee3f8e3d09ae2ce5d5615037b5e11,2.7503505517565605,1.716769060574703e-64,True,Streptococcus
0f9f5279b98402f017ba0e175506491d,2.748035400252195,4.966770180409562e-62,True,DSSD61
264ce953214318f1b87e9109ee49450b,2.732553160899589,2.505913474952251e-60,True,Bryobacter
b9dba76b000a80801222a8ed7f09af53,2.7298531364107603,1.6289208149519368e-54,True,Unknown
f59f8a46ad644c3a3202030f8395d076,2.670497852028407,2.235665505060061e-73,True,Unknown
c55042b9ea34d370390eb8ec620af922,2.6412950373475974,6.578878785372948e-50,True,Cloacibacterium
a490e734842706de72477711b3279702,2.6390105407250912,5.110906073075548e-61,True,Unknown
a41ec8a4c3cfa7b509cf848b9a98cffa,2.638255968835004,3.5880453771568893e-59,True,67-14
87a90c077e93c795226282df826c5c08,2.632325293426462,4.300275671718161e-48,True,Pseudomonas
1442a26a9b0b1123203e9b89fa383c6e,2.6290647575726167,4.3155759081034857e-72,True,Unknown
16c890471408a447af6b060fbb282323,2.6208602228309417,8.377567254423036e-55,True,Sediminibacterium
3ee1040b89b867aa4bb8a53fb7be4b1a,2.61885779403182,4.580170459367317e-65,True,Paludibaculum
5e43daea8be173998427a603363dd628,2.616273087279037,6.430948076124405e-58,True,Pseudomonas
3fe174710c9e323d862d57f39444f83c,2.610448603941433,1.2803620480662335e-55,True,Enhydrobacter
abd65b88a2a062598c79b582ff5e4a81,2.6082307768425443,3.2556516451786714e-60,True,Methylobacterium-Methylorubrum
e94883966fa8ffda796625744f28e766,2.5468170162649693,1.7955153130884808e-63,True,Cutibacterium
e12425a433191d8896deccf50c0b2690,2.528776559695604,7.056836800039699e-62,True,Thermus
78031a1de4cccc425fd134e0fba02817,2.5120559809766485,5.901671560086884e-65,True,Unknown
c233c87b7af084906a3b82f23c1badf4,0.7409524766546265,0.0375249134223248,True,OM190
3bbd28f4b66484f73de0049ca2eb03eb,0.7204405573115851,8.438720393011614e-06,True,RBG-13-54-9
77284a8c25bb829476ab8d95a17539d3,0.7184194615866393,0.0042577242453431,True,Subgroup_22
06af3ab367dfc87c22e1fbadbadbe0e2,-0.5353128352400014,0.0038643912095281,True,WD2101_soil_group
107f51defb7d900877566daa7f6a7ac2,-0.553663790837529,7.301804452595397e-05,True,Haliangium
a1021257624c1d2ae53d1c9879c83d05,-0.6039989116055362,0.0273559008804963,True,C0119
7c08906db5f1f53e6ab2395cefacf9f1,-0.6316276418272762,0.0093301924285624,True,Unknown
c5eb91fb060deeae38db11034307461b,-0.6499742085881346,0.0110323553298665,True,Unknown
cecde78e659dd393e7c2772976e89744,-0.6554000871947734,0.0454154012342382,True,Unknown
cde15bc2e76fd29ecfbac202adf8eee6,-0.6918606076202698,0.0330016737279905,True,Unknown
27500e8b194f7f447ed3af5faf85ff88,-0.7373296354989081,0.0241533323402673,True,Unknown
f8ddb4c383d14855319f1f5446e4608d,-0.7841220206399369,0.00023829380168870808,True,Flavisolibacter
0aec1cb4ecf0f38d11e99d3a8793ecfc,-0.8007156112357321,1.4566009483686715e-06,True,Nitrospira
514b0abab472c138835de1a4389a8d2a,-0.8162253664501558,0.0063209323413161,True,MBNT15
23017172b8710891fa8945d2a328d019,-0.8613571114312073,0.0463522083278013,True,uncultured
856037c4a2b4430f938cbab2b50dd724,-0.8708975155434779,0.0343182835395941,True,uncultured
9f60f519dba65e77199af74f5812191b,-0.8717912780251278,0.0065293916778215,True,Unknown
1bb7f97aa9adc7adea78436328f8801b,-0.8733363936410417,7.281052843643983e-06,True,IMCC26256
d499874b74f3ac186a628c8175969775,-0.8754875055413978,5.539785379459937e-09,True,Unknown
b5cd6f0960113efed5519c0718aad716,-0.8758903269162079,0.0294389342748071,True,Gemmatimonas
a541ec6ba8faa02d471216f10be28797,-0.8964563560685876,0.0296191657148781,True,Unknown
25a86338672f493dc780fbee10e55a7f,-0.908753047951083,0.0390315316887662,True,KD4-96
cbae5aa6e1124c8590d618226f8084a5,-0.9236049559382588,0.0009170137321368664,True,Subgroup_17
8cebb477435e10627a3c5b9172092518,-0.93269636613471,0.0018726590421035,True,WPS-2
1a8cd58fcce4fe49842887826b842c07,-0.9660830055699288,0.0311907062875406,True,Devosia
6c3470e13176278a147e2653b86199ef,-0.967035436699291,3.834955006117787e-05,True,uncultured
a78539d2401df72e4068e78ba0c12238,-0.9699171757105652,0.0005506633706454618,True,uncultured
761b0a0f53e67b7e42c935e2b604f85c,-0.9887471690533802,0.0016136424359866,True,KD4-96
3e159b6e5225bf57b7eec6271613709c,-0.9897638776656096,0.033312547282857,True,Dactylosporangium
ac98db89a8291f6f0fba36fec057a2a8,-1.0010219564324498,0.0046217495732086,True,uncultured
cb941967a7b91ea1bc3f2e203dae8a45,-1.0163030164328757,0.0051551786452815,True,Gemmatimonas
d048a321c32cce1c13561ef2ee1c3b65,-1.0165541428079314,0.0296191657148781,True,JG30-KF-AS9
92e6d2ccb1140ecbbddbec293b4cad0b,-1.0182651523135444,6.851779326987504e-14,True,uncultured
e4de4246e1e080c49343845159ddff60,-1.0392495457635356,3.046884317851688e-06,True,Unknown
f67ca86241acdad802e59f57682a63b5,-1.0410552821623091,0.0035624312258586,True,WD2101_soil_group
a6d228fe6f2a67c0a820293a77fa1dd8,-1.0423195472524296,0.0161444413716858,True,SC-I-84
0d41a3c17087febafb26ea6910be6cf3,-1.0520540021252267,2.5402594617532603e-06,True,RBG-13-54-9
145f2904ac90ad256db4bfb703a6666d,-1.076767764303809,0.0108557573859496,True,uncultured
e8101687470e6b18848eef54194e1515,-1.0797541949826184,0.0260789951300465,True,Unknown
550f3cb8beb452709a40f182af151af3,-1.0866471534062874,2.48137832909132e-07,True,mle1-7
e8e7e6d2bedc9056a22206f2173be99c,-1.0886278353628946,4.578825762603372e-07,True,Micropepsis
b3d74392ec4dde543f6ed1fc8e96c546,-1.0965469134697663,0.0201372199959026,True,Unknown
0ad8d532ba8f5dda22d7d80c94ae2a45,-1.1133632567028382,1.4989710419107443e-09,True,uncultured
97ac7480fa2f735798c081989d9f7fc6,-1.1215757351482667,0.0127707737784073,True,Unknown
1975253b4991529a74458b9de7ade5e1,-1.1368353279882095,0.0025119273372804,True,67-14
f7834dc70d5d8c5dfb221b75e150d644,-1.1387009269084951,0.009092381837356,True,Gemmatimonas
d8daa9ba9a87fd270971223ddd66c187,-1.1559110748558394,2.898507444264181e-05,True,Vicinamibacteraceae
e601b94e88ad1e760408aaea8a0823ba,-1.1698387549839202,0.0268673695123079,True,Unknown
8fbb48ce3a6fc69993b3b248ec01bcf4,-1.1826364677504817,2.4624628145317916e-08,True,uncultured
1fecea1ef2bdd3fcaea723e0c5b10af0,-1.1827072240146648,0.0030930260927817,True,Acidothermus
a7791b5fca5a57fd563591d2cd44cf4f,-1.1905847007696266,2.4810939938991345e-11,True,Gemmatimonas
661ae50f9ee3d5465067019260757966,-1.1935072431606568,1.5890269853624735e-08,True,Unknown
df759c62fe8795e20e9bc4b64357d15b,-1.194058623909866,3.878368694267974e-06,True,uncultured
4c800ca7d699c22343838461869a8c02,-1.1981624288306008,4.173723839270961e-12,True,Unknown
16b9236fdd1b3bc5041347f26584013f,-1.2150514024303645,1.963891309354007e-07,True,Subgroup_2
2fe823273e099cfc85a1ff3154ecd35b,-1.2352521589773122,0.0010370740003221,True,Rokubacteriales
a1a3fe4d6bbc7fa3224b60f5f27a7782,-1.249403863140924,0.00019850762822858973,True,Candidatus_Solibacter
3b53c2f9b3db261d6a6f8ce336a5df8e,-1.262633422682375,0.0231355981528543,True,MND1
ee2c74b7217cf85729619fcc7944a485,-1.2663887779196976,0.0005872265409488694,True,Unknown
f3dd6e415b7cad973505923713e378dd,-1.2693769812345308,1.8765509449580758e-07,True,Unknown
90b23b0af1957811f77ca38f4f3037eb,-1.2755549098965004,0.0335566387381403,True,MND1
d5b3a8d7b9374040dfd4c6e40a70dc30,-1.2812387708759814,0.00031078935689084924,True,Gemmatimonas
f3f55ab90ed7ffec97e5995cf97ba357,-1.302805707182538,0.003102063991796,True,OLB14
afa3bc8990b4e05294fc19ce3a41be1c,-1.3055125697132,2.5505746907534643e-08,True,Haliangium
34fc4eeb44bd845299c205baab601b37,-1.3064247791595998,1.8548550159246155e-05,True,uncultured
9c3086c75ddbd5f4a7adab0fc5d92e58,-1.3122664950975138,2.789279453320528e-07,True,Candidatus_Udaeobacter
75cb9bfb6502b49af4e73452bf3008f2,-1.316559118836226,2.564964607927187e-07,True,Unknown
c3bcf91e6841516d90a7bee6f05d6d57,-1.3177421393685091,0.0001486194202869429,True,11-24
84c5d923eb7dedf0096b87ff09d58c8b,-1.3208239831244373,7.440799857692989e-05,True,uncultured
20cc3841c0635fa42d603f7d35033c41,-1.324062718981545,0.0062002071154927,True,JG30-KF-AS9
059eec91e4dbfa156eb6f09f9dae3c29,-1.344769290091692,2.1895283815155493e-05,True,Gemmatimonas
f25c8cecf71e94a4a6016d16e75bdcb2,-1.3582461975517592,3.699219409823732e-05,True,uncultured
558df51d119f453bc8de55ccf7e81ebe,-1.378973798824429,3.850637920010804e-49,True,Unknown
222f12dbaeae674be076c4b289626003,-1.379128340773493,1.5877210059370184e-05,True,Conexibacter
680ca4953e73cba00a7bf5f7d17d2da0,-1.3830458796761436,0.0008163552160070579,True,Unknown
b5916d8b386995040496f55de2fe0e08,-1.397877065453696,0.0003894584268205351,True,Unknown
0ec9b86dca8a64f73f9e19d6eb4e0880,-1.402048165560875,2.795770671322009e-08,True,SC-I-84
0c036653153f848240b7ac6031156596,-1.4128545313244172,7.350349228663698e-10,True,Subgroup_7
a61168d194f0f21e13bc1e05ec24087d,-1.4363012716990653,0.0209463160001394,True,Gemmatimonas
2c276682390d9660051c0d7ca20c26fa,-1.4467827970414775,1.6424736375598322e-23,True,Subgroup_2
38943b7cd686229fffebf2e9dfa80f82,-1.4713200088377918,6.881309894151524e-09,True,Unknown
a4e41788487688728c7f94ec070ac2e3,-1.499740121620731,9.460024254454596e-11,True,Candidatus_Koribacter
80573d011cf12bfd3b347597361ea2ef,-1.504366839903546,1.3164350629680513e-07,True,Unknown
b2364e4d06181063e94c9800fbe3ef80,-1.506380733080641,3.783086727077243e-06,True,Unknown
459a1b0e63156bce86d96ff5034fba37,-1.5093617330657954,6.5407988141797e-10,True,MND1
ae3b40985dacff06d3b4715e4153b3f1,-1.51109589525104,1.79516005373974e-24,True,Acidothermus
057378e0f2f19192dc3892c7ec50fac3,-1.5255358739610436,5.237181996075245e-09,True,Unknown
436525d6557717bddb906dbba900c19a,-1.5416132595180847,8.58259016143031e-05,True,Unknown
18ab2cf36557d2ae0be3d715c726c550,-1.5615008332850908,0.0008507612251056924,True,Candidatus_Solibacter
c5a772624385b5feceffaabcd99f80ef,-1.562247929810325,1.460449825063891e-11,True,Dokdonella
a4aa19a8d2fa012018330ffa0d3d48ca,-1.5631598054398426,1.1937540654321328e-36,True,uncultured
e5f858ab6ebf30a10501440820d17c7f,-1.608648850726957,0.0003804237782503,True,Reyranella
82af8dc3f6f5e4c307595ae2da562b3e,-1.61159918050853,1.8210247379933246e-10,True,uncultured
6a6c0e6b0af8aeb0922a57aa071b43b8,-1.6243710437289902,2.7773676937643956e-10,True,Bacillus
6933bf288a77128569cc7609ef5bb69e,-1.6259477363609856,2.956967369978256e-05,True,MBNT15
62d062aa8bc188e875bbb3aaa88f621a,-1.6389309164044263,8.97187032569464e-23,True,SC-I-84
86cfde545bb8b2d8111be2596baa5ecf,-1.6533609463812309,2.7443689727327493e-18,True,uncultured
ee7442b30399ecf4c9129a9031b4876f,-1.6640118836270783,2.5062067774663135e-11,True,uncultured
7664bbad10154c8cc98b0270221e73ec,-1.6670878791984487,6.872810617864744e-20,True,Gitt-GS-136
72872fb6500a5990b85056558026f84e,-1.6838822570627192,2.0669148122679602e-07,True,Unknown
e470704e5aeee2077e9f054a0c15fe53,-1.6853303201020688,1.0808651105768814e-50,True,uncultured
2ae57ad5c0948ab76a8bfd9a0ac2afb5,-1.6883942351128742,8.764204154456204e-23,True,uncultured
cba778adf4349bbd11a930f4c00963df,-1.6933228053425324,6.915559990984101e-06,True,Nitrolancea
f1ccabe224f870021fb4fe750fa85535,-1.6976996743095103,6.989772850728426e-23,True,Subgroup_13
47969094835d0b965f6a4b30f4bc38f8,-1.7067807327678084,4.003137062833679e-07,True,uncultured
c15112d80ae6f827f5bcf5573613a54e,-1.7102508736103488,8.628133697757902e-10,True,Tumebacillus
81e818ef62f59831a463d49a4ff13425,-1.7145997423107908,1.1581355137535276e-16,True,Dongia
cc0c224e26da2df9407021b0ec385f6e,-1.7151519592551523,2.1484914703410602e-12,True,JG30-KF-AS9
532551e80954611d1596c37d220b332d,-1.7408423384308356,7.63291815953619e-09,True,Unknown
0cf6e4511c69e52d26f53599b272bb43,-1.7424605745193302,1.0522994421768605e-23,True,uncultured
7d6213ee76340670efbd63393312c1b4,-1.744034769019259,1.1983201569763424e-41,True,Ellin6067
d8f130fa63e021f30b2ddddc155f5beb,-1.7447159168764057,3.3308854091380413e-18,True,Rokubacteriales
a2bb8242c4c86e804fb60d8a51f9cbd0,-1.745256549942538,9.258876071276142e-09,True,Unknown
709a8d03c8621490b2a62b922f318c11,-1.752232166980539,1.1091601916814897e-19,True,uncultured
4b1d7de55e5b9c69d97ef5f426e96b66,-1.772336407221487,7.102920083054273e-45,True,uncultured
9665fb3150bdea94c19b6e18c1fda1f4,-1.7920483874994733,0.0005239690295422117,True,TRA3-20
daf8e1c2bbb38ef4466a4cb33fba2e17,-1.7939877318270696,7.870766460224555e-08,True,Unknown
804974df47ee2f218543dbb0f5256475,-1.8049683733612685,1.4983964344797882e-09,True,JG30-KF-AS9
488883b99ae62e50b40014704365dae7,-1.8071723190210185,1.3711944864322216e-11,True,Candidatus_Udaeobacter
c16920a0d002225bda2fa34e42b3e644,-1.808182984943548,5.3711471043966555e-17,True,Unknown
1eba78842cf2ceb24f88da91a3ca4b0a,-1.815375753268159,8.050462504655343e-23,True,Unknown
d0a1d4b78e912b78cb8e33f74b6301ef,-1.816615891579464,6.22749272961237e-39,True,Gemmatimonas
e6bfd600d71c1ce6911df5fa30bcf7f3,-1.8241090957377408,1.3921852686660595e-10,True,Reyranella
9e8741cb154068ac393f76a42a8d99d9,-1.8369735017623132,1.3024047042805165e-29,True,uncultured
8beb133549d1703471daae798f5b975f,-1.851403268254856,1.2795641983076848e-10,True,Bryobacter
6ff6a5d410873cd34029b3ae9df04bae,-1.863036227524193,3.786907974032289e-28,True,Unknown
33d7532e1e099dd5b79a8a6876999fc5,-1.8701688348421144,2.8547718929170417e-27,True,Ellin6067
42cadeccbf31ec5f3efef54e832ecbff,-1.8728746862902228,1.7928259397697476e-14,True,Unknown
001e35ded0fe9a4fd41823f3db958a01,-1.9067407616461032,9.623099554644726e-12,True,uncultured
3835e20e459e9364950190ac47a80e54,-1.907746263299113,1.1689819171529662e-14,True,Bryobacter
82639b0f2ee26d801e993387df6acbda,-1.9143694126314728,1.5126314234700248e-11,True,uncultured
96a5c48d5c337389067f9499761ed33d,-1.928229404173485,3.3083389039221126e-11,True,Candidatus_Udaeobacter
fb631c9e26c4c16f9f9594b39cfc220b,-1.9282467254372704,2.7881552350887325e-22,True,bacteriap25
b1af9e539d8b8a992bb77b02faa85c54,-1.9283907820142996,4.363120150572901e-17,True,Unknown
6f2cd3e6ada74f7ac80bbe533fbfe8b1,-1.9316481706989823,1.0744154374954232e-31,True,SC-I-84
4d0e1b49de1da8c59130bd323687a4c6,-1.953655759428894,2.0255568558630965e-08,True,Unknown
2a5033c3a22095b2fb6392b3fc3a33e1,-1.9678103330398389,3.251638830553242e-06,True,Unknown
614e8f653cb8d5dbd567622bf404bfe7,-1.978110804650269,3.80122180657574e-24,True,uncultured
fac7aa9218e68074c353e59cd7a48b5e,-2.008437400494968,2.8554978968502188e-24,True,Gemmatimonas
4fc4e0a3f1c006562a10c9c17301c4e1,-2.0130976646951573,0.00023638485124524648,True,JG30-KF-AS9
b3f2beeed027c38b76008adbe1aee807,-2.0484933463735597,7.826945635577309e-59,True,Unknown
cccb41a9583cfd6a4fab485978cc22e1,-2.0506276783537385,1.9744268834404196e-24,True,Unknown
54bfd3c674c32534ef357a80a993b917,-2.0712299547736683,7.0745425549179575e-31,True,Unknown
a6923fc45b5b47a4cb87d033a9c42b2e,-2.073443931845501,8.39126112376657e-11,True,Bacillus
1ec92ef6fe97cc15825ae1a6182bfae1,-2.0955559117759357,1.68172895942508e-53,True,Candidatus_Udaeobacter
279ecacad41b48a00646b6b5cd498411,-2.10705536977829,2.658564981876749e-147,True,Dongia
a9061e4bd36d1c735f9aed6da42e14fd,-2.109435977626686,2.0443579478498379e-10,True,uncultured
afc596c25786de3781d9dd501894a4cb,-2.117013803946748,7.954827387698242e-107,True,uncultured
bf50ab58e1d59c50f995cd2a15b5cd72,-2.127152443567843,3.5289397579343888e-15,True,Unknown
10a5a30447be0d14422f29aa94e043c6,-2.1296150369690854,1.708556956297035e-31,True,Unknown
6929034fec182635f41cb365c27bb7b6,-2.1509709449470864,5.366967565032503e-29,True,Unknown
d6978e2fe10cd3c65888f0a94b461e9e,-2.17626834634051,7.161613277129966e-11,True,Rhodanobacter
fc49053e667485a26381f86c3d152823,-2.1823712819476757,2.4769771965011648e-99,True,uncultured
6b1edccf0eadd82ee79581d37e3ed141,-2.185214908040899,7.030982607587203e-49,True,Mesorhizobium
5ef8bcf4ac9f3a18b4f702aa76bfa035,-2.189244825698855,4.120198002851241e-14,True,JG30-KF-AS9
c5010590cc81d2a2374e2661d0a4d05c,-2.231056743221665,2.757540312286933e-16,True,uncultured
23affaf0a741861798b5f7eaa3085eb2,-2.2314700003318584,1.5274322001122421e-33,True,uncultured
3399cf95d1e74f3b79a1d2f3af3326a4,-2.2344054117071277,3.261479686390136e-78,True,Unknown
a517057848fa8446be171d5873355d7d,-2.2403087073880266,1.5739300953357622e-07,True,Bacillus
e1ef9c4c28b9f183294560121ba4b89c,-2.284498619879252,5.0650372771472204e-37,True,Unknown
8511c753a03a7b8935017337b27d37c3,-2.3005070780418677,3.22301766084848e-141,True,A21b
caf306d69788007129ab7891359cbb31,-2.305870702304263,2.3320408322168497e-159,True,Candidatus_Solibacter
8636baf8d68eca81b785148a90b3ed67,-2.307593138923147,4.637339014429228e-15,True,Rokubacteriales
08174cbce959e8ee87888f86a7576035,-2.321440472522832,4.947366554007754e-22,True,JG30-KF-AS9
b3041f6d222a70002ae06739173480ca,-2.335439750418596,2.1509017935914183e-39,True,Unknown
2292351941c64536fb2c9f3481c321ef,-2.3487099092450303,1.4344564646227884e-14,True,Nitrospira
6fdd01eb536bf6e5ec65bfc6c84207b6,-2.3588009945386434,5.978964654664912e-13,True,Bacillus
31d32f056c9820fa334622b7fcc090fd,-2.3745555493091097,9.772332219538189e-154,True,Acidothermus
566ee61889409536501df02577507409,-2.383074055194633,2.87630032861994e-18,True,Unknown
9db71e10891fd09d6ce8e5107c4f9ae5,-2.3921111116783726,7.103755294480621e-78,True,Unknown
a6833dd9ede1ceab4f0a1f932ceb5e64,-2.4146944378704114,8.91510144919807e-40,True,uncultured
fb0730e1b85087cbc533c08f129b769b,-2.4495987483792026,9.909386119002706e-111,True,SC-I-84
233be170592ef47b54a02740e1fedec8,-2.4588037387648245,5.882619075022348e-70,True,Unknown
0ed108b7e8d0ecab0a9d4ab2ace583d2,-2.4774241373963046,9.439147535461703e-17,True,Chujaibacter
1d14c0c72e2691ddf92c5ecb317c183a,-2.481568777890763,3.5212572319360976e-36,True,KD4-96
35d6a8b73b484f7439209ddb931a1ec1,-2.5081869263757475,3.2795743573857496e-34,True,Unknown
3121a309780dfb5239ef581e96623461,-2.5132822332722724,2.7969682642641867e-18,True,uncultured
854e213f3cee98a84197a39817f50501,-2.5380371906104338,2.5443269622038725e-27,True,uncultured
18abd0b0988fb36446007525b0f688e6,-2.5614356541683505,2.797680614952448e-81,True,Gemmatimonas
fd35b08221e7ab1efda2b417488a73f0,-2.742653789623566,6.682942877637847e-119,True,Unknown
2d2e52af49b352f5b66408540537c602,-2.752317565408411,0.0,True,Unknown
341db3fed9960a0864e7745479c7a647,-2.7592475226112856,6.475007519581457e-28,True,PeM15
e068f91b1088061d1bdbfe2d9b2dc297,-2.781130058029461,4.204966914741984e-22,True,Rhodanobacter
7546495c8b8e791d6ff109281c212ea0,-2.8137483702741206,9.769375589487951e-17,True,Unknown
572f6fa6267b5055049f45d24a81f979,-2.9169754159787344,5.061276259726419e-177,True,uncultured
5067b7b1ab5537bcab9cae08f04cb110,-2.9369267090064306,1.266967934866806e-103,True,uncultured
f40f45622b1589a839c669ff8081731f,-2.9497592753798823,5.991662620794154e-19,True,Unknown
41f95a4496f2202424815154107a6152,-2.9541098956835827,1.017848443324938e-241,True,Pseudolabrys
4925e89fad451929d84c23a221e71c23,-2.956237115895235,3.1847202278315896e-105,True,Unknown
76dc34e38754d23fcc76abb105d7fec5,-2.985706582219654,2.286443819548192e-36,True,Unknown
85459ee7fdc4dd130f64e862a1ffedb8,-2.9935656391172265,5.000261747383948e-10,True,Unknown
31f0d8fcd90f455b510d730d5eb64947,-2.9961540790577126,1.2836697601558191e-46,True,Mizugakiibacter
dcd2fd4bb65b3002e8dc8aeb71f741be,-3.0447721549406874,2.479912265897043e-264,True,uncultured
09a5b066b1a5b5c2f6397642ff861f35,-3.077434249438037,2.1152967741188658e-279,True,Unknown
a4189c99dec92b677c887b38a28b2ad7,-3.099051572946541,5.692586349018805e-215,True,Ellin6067
3086bc502b8e8eb2e1480778186f354c,-3.2761038006826646,6.501670017457508e-69,True,SC-I-84
8404b4ab0deeff4f76530bcec1d641bd,-3.304893643990172,3.312286965328518e-142,True,Streptomyces
b61554314c528b5c82d3c2fc1d0fd204,-3.346076391053279,2.695943707984067e-84,True,JG30-KF-AS9
3ef9d2a960d0065b8aedc199533366fe,-3.364574740169283,3.6663632032140396e-09,True,Chujaibacter
9a1588b5065e7c5a4f9654a71a85f798,-3.513368144017221,4.529259539733739e-109,True,Rhodanobacter
09830f5253ab68aa0671cc9322442b3e,-3.826436475914465,3.051187809583379e-298,True,Unknown
647c6858d18a07684cd43b0fafeb3d98,-3.847916768739944,1.5662723439875091e-100,True,Unknown
a3dedf20a56f67a115216cce14b60fb2,-4.992056295122838,2.46394792667538e-55,True,Chujaibacter
