group	Q1_Fruit1_S5_L001	Q1_Fruit2_S6_L001	Q1_Fruit3_S7_L001	Q1_Leaf_S1_L001	Q1_Seed1_S8_L001	Q1_Seed2_S9_L001	Q1_Seed3_S10_L001	Q1-1-Swab1_S1_L001	Q1-1-Swab2_S2_L001	Q1-Arcillite1_S22_L001	Q1-Arcillite2_S23_L001	Q1-Arcillite3_S24_L001	Q1-Arcillite4_S25_L001	Q1-Foam1_S13_L001	Q1-Foam2_S14_L001	Q1-Foam3_S15_L001	Q1-Rhizosphere_S21_L001	Q1-Root2_S18_L001	Q1-Root3_S19_L001	Q1-Root4_S20_L001	Q1-RSJ-Root1_S17_L001	Q1-Stem_S16_L001	Q1-Wick1_S9_L001	Q1-Wick2_S10_L001	Q1-Wick3_S11_L001	Q1-Wick4_S12_L001	Q2_Fruit1_S11_L001	Q2_Leaf_S2_L001	Q2_Seed1_S12_L001	Q2-1-Swab3_S3_L001	Q2-1-Swab4_S4_L001	Q2-Arcillite1_S39_L001	Q2-Arcillite2_S40_L001	Q2-Arcillite3_S41_L001	Q2-Arcillite4_S42_L001	Q2-Foam1_S30_L001	Q2-Foam2_S31_L001	Q2-Foam3_S32_L001	Q2-Rhizosphere_S38_L001	Q2-Root2_S35_L001	Q2-Root3_S36_L001	Q2-Root4_S37_L001	Q2-RSJ-Root1_S34_L001	Q2-Stem_S33_L001	Q2-Water_S43_L001	Q2-Wick1_S26_L001	Q2-Wick2_S27_L001	Q2-Wick3_S28_L001	Q2-Wick4_S29_L001	Q3_Fruit1_S13_L001	Q3_Fruit2_S14_L001	Q3_Fruit3_S15_L001	Q3_Leaf_S3_L001	Q3_Seed1_S16_L001	Q3_Seed2_S17_L001	Q3_Seed3_S18_L001	Q3-1-Swab5_S5_L001	Q3-1-Swab6_S6_L001	Q3-Arcillite1_S14_L001	Q3-Arcillite2_S15_L001	Q3-Arcillite3_S16_L001	Q3-Arcillite4_S17_L001	Q3-Foam1_S5_L001	Q3-Foam2_S6_L001	Q3-Foam3_S7_L001	Q3-Rhizosphere_S13_L001	Q3-Root1_S9_L001	Q3-Root2_S10_L001	Q3-Root3_S11_L001	Q3-Root4_S12_L001	Q3-Stem_S8_L001	Q3-Water_S18_L001	Q3-Wick1_S1_L001	Q3-Wick2_S2_L001	Q3-Wick3_S3_L001	Q3-Wick4_S4_L001	Q4_Fruit1_S19_L001	Q4_Fruit2_S20_L001	Q4_Fruit3_S21_L001	Q4_Leaf_S4_L001	Q4_Seed1_S22_L001	Q4_Seed2_S23_L001	Q4_Seed3_S24_L001	Q4-1-Swab7_S7_L001	Q4-1-Swab8_S8_L001	Q4-Arcillite1_S32_L001	Q4-Arcillite2_S33_L001	Q4-Arcillite3_S34_L001	Q4-Arcillite4_S35_L001	Q4-Foam1_S23_L001	Q4-Foam2_S24_L001	Q4-Foam3_S25_L001	Q4-Rhizosphere_S31_L001	Q4-Root1_S27_L001	Q4-Root2_S28_L001	Q4-Root3_S29_L001	Q4-Root4_S30_L001	Q4-Stem_S26_L001	Q4-Water_S36_L001	Q4-Wick1_S19_L001	Q4-Wick2_S20_L001	Q4-Wick3_S21_L001	Q4-Wick4_S22_L001	SanSeed1_S25_L001	SanSeed2_S26_L001	SanSeed3_S27_L001	Terrestrial_SRR30151802	Terrestrial_SRR30151803	Terrestrial_SRR30151804	Terrestrial_SRR30151805	Terrestrial_SRR30151806	Terrestrial_SRR30151807	Terrestrial_SRR30151818	Terrestrial_SRR30151829	Terrestrial_SRR30151830	Terrestrial_SRR30151831	Terrestrial_SRR30151832	Terrestrial_SRR30151833	Terrestrial_SRR30151834	Terrestrial_SRR30151835	Terrestrial_SRR30151836	Terrestrial_SRR30151837	Terrestrial_SRR30151838	Terrestrial_SRR30151839	Terrestrial_SRR30151840	Terrestrial_SRR30151841
methanotrophy	0	0	0	0	0	0	0	0	0	0	0	0	0	0	0	0	0	0	0	0	0	0	0	0	0	0	0	0	0	0	0	0	0	0	0	0	0	0	0	0	0	0	0	0	0	0	0	0	0	0	0	0	0	0	0	0	0	0	0	0	0	0	0	0	0	0	0	0	0	0	0	0	0	0	0	0	0	0	0	0	0	0	0	0	0	0	0	0	0	0	0	0	0	0	0	0	0	0	0	0	28	0	0	0	0	0	0	0	0	0	0	0	0	0	0	5	9	4	7	8	0	0	4	0	0	12
acetoclastic_methanogenesis	0	0	0	0	0	0	0	0	0	0	0	0	0	0	0	0	0	0	0	0	0	0	0	0	0	0	0	0	0	0	0	0	0	0	0	0	0	0	0	0	0	0	0	0	0	0	0	0	0	0	0	0	0	0	0	0	0	0	0	0	0	0	0	0	0	0	0	0	0	0	0	0	0	0	0	0	0	0	0	0	0	0	0	0	0	0	0	0	0	0	0	0	0	0	0	0	0	0	0	0	0	0	0	0	0	0	0	0	0	0	0	0	0	0	0	0	0	0	0	0	0	0	0	0	0	0
methanogenesis_by_disproportionation_of_methyl_groups	0	0	0	0	0	0	0	0	0	0	0	0	0	0	0	0	0	0	0	0	0	0	0	0	0	0	0	0	0	0	0	0	0	0	0	0	0	0	0	0	0	0	0	0	0	0	0	0	0	0	0	0	0	0	0	0	0	0	0	0	0	0	0	0	0	0	0	0	0	0	0	0	0	0	0	0	0	0	0	0	0	0	0	0	0	0	0	0	0	0	0	0	0	0	0	0	0	0	0	0	0	0	0	0	0	0	0	0	0	0	0	0	0	0	0	0	0	0	0	0	0	0	0	0	0	0
methanogenesis_using_formate	0	0	0	0	0	0	0	0	0	0	0	0	0	0	0	0	0	0	0	0	0	0	0	0	0	0	0	0	0	0	0	0	0	0	0	0	0	0	0	0	0	0	0	0	0	0	0	0	0	0	0	0	0	0	0	0	0	0	0	0	0	0	0	0	0	0	0	0	0	0	0	0	0	0	0	0	0	0	0	0	0	0	0	0	0	0	0	0	0	0	0	0	0	0	0	0	0	0	0	0	0	0	0	0	0	0	0	0	0	0	0	0	0	0	0	0	0	0	0	0	0	0	0	0	0	0
methanogenesis_by_CO2_reduction_with_H2	0	0	0	0	0	0	0	0	0	0	0	0	0	0	0	0	0	0	0	0	0	0	0	0	0	0	0	0	0	0	0	0	0	0	0	0	0	0	0	0	0	0	0	0	0	0	0	0	0	0	0	0	0	0	0	0	0	0	0	0	0	0	0	0	0	0	0	0	0	0	0	0	0	0	0	36	0	0	0	0	0	0	0	0	0	0	0	0	0	0	0	0	0	0	0	0	0	0	0	0	0	0	0	0	0	0	0	2	0	0	0	0	4	0	0	0	0	0	0	0	0	0	0	0	0	0
methanogenesis_by_reduction_of_methyl_compounds_with_H2	0	0	0	0	0	0	0	0	0	0	0	0	0	0	0	0	0	0	0	0	0	0	0	0	0	0	0	0	0	0	0	0	0	0	0	0	0	0	0	0	0	0	0	0	0	0	0	0	0	0	0	0	0	0	0	0	0	0	0	0	0	0	0	0	0	0	0	0	0	0	0	0	0	0	0	0	0	0	0	0	0	0	0	0	0	0	0	0	0	0	0	0	0	0	0	0	0	0	0	0	0	0	0	0	0	0	0	0	0	0	0	0	0	0	0	0	0	0	0	0	0	0	0	0	0	0
hydrogenotrophic_methanogenesis	0	0	0	0	0	0	0	0	0	0	0	0	0	0	0	0	0	0	0	0	0	0	0	0	0	0	0	0	0	0	0	0	0	0	0	0	0	0	0	0	0	0	0	0	0	0	0	0	0	0	0	0	0	0	0	0	0	0	0	0	0	0	0	0	0	0	0	0	0	0	0	0	0	0	0	36	0	0	0	0	0	0	0	0	0	0	0	0	0	0	0	0	0	0	0	0	0	0	0	0	0	0	0	0	0	0	0	2	0	0	0	0	4	0	0	0	0	0	0	0	0	0	0	0	0	0
methanogenesis	0	0	0	0	0	0	0	0	0	0	0	0	0	0	0	0	0	0	0	0	0	0	0	0	0	0	0	0	0	0	0	0	0	0	0	0	0	0	0	0	0	0	0	0	0	0	0	0	0	0	0	0	0	0	0	0	0	0	0	0	0	0	0	0	0	0	0	0	0	0	0	0	0	0	0	36	0	0	0	0	0	0	0	0	0	0	0	0	0	0	0	0	0	0	0	0	0	0	0	0	0	0	0	0	0	0	0	2	0	0	0	0	4	0	0	0	0	0	0	0	0	0	0	0	0	2
methanol_oxidation	0	0	0	9	0	0	0	72	51	0	0	0	0	772	51	198	13	8	0	0	0	9	467	1923	29	40	228	0	0	0	38	11	0	0	11	87	65	186	16	2	0	0	0	0	0	985	69	36	0	0	0	9	30	0	0	2	0	0	0	0	0	14	1084	973	791	11	8	0	0	0	0	0	0	0	90	63	0	0	15	15	0	0	0	52	2746	0	18	0	0	1123	328	666	0	22	9	34	21	88	0	4235	4791	132	150	0	0	0	0	15	9	47	18	26	49	20	6	79	40	0	24	15	9	8	20	0	24	9
methylotrophy	0	0	0	9	0	0	0	72	51	0	0	0	0	772	51	198	13	8	0	0	0	9	467	1923	29	40	228	0	0	0	38	11	0	0	11	87	65	186	16	2	0	0	0	0	0	985	69	36	0	0	0	9	30	0	0	2	0	0	0	0	0	14	1084	973	791	11	8	0	0	0	0	0	0	0	90	63	0	0	15	15	0	0	0	52	2746	0	18	0	0	1123	328	666	0	22	9	34	21	88	0	4235	4819	132	150	0	0	0	0	15	9	47	18	26	49	20	6	84	49	4	31	23	9	8	24	0	24	21
aerobic_ammonia_oxidation	0	0	0	0	0	0	0	0	0	0	0	25	9	0	0	0	0	0	0	0	0	0	0	0	0	0	0	0	0	0	0	92	80	80	10	0	0	24	0	0	0	4	0	0	128	0	0	0	0	0	0	0	0	0	0	0	0	0	83	43	6	5	0	0	0	0	0	0	0	0	0	0	0	0	0	0	0	0	0	0	0	0	0	0	0	30	0	0	18	0	0	4	0	19	5	0	0	0	112	0	0	0	0	0	0	0	292	1079	313	1544	785	666	1202	1051	321	1015	1549	914	1718	1328	1486	1172	1907	48	1909	1101
aerobic_nitrite_oxidation	0	0	0	0	0	0	0	0	0	0	0	0	0	0	0	0	0	0	0	0	0	0	0	0	0	0	0	0	0	0	0	0	0	0	0	0	0	0	0	0	0	0	0	0	0	0	0	0	0	0	0	0	0	0	0	0	0	0	0	0	0	0	0	0	0	0	0	0	0	0	0	0	0	0	0	0	0	0	0	0	0	0	0	0	0	0	0	0	0	0	0	0	0	0	0	0	0	0	0	0	0	0	0	0	0	0	0	0	0	0	0	0	0	0	0	0	0	0	0	0	0	0	0	6	0	0
nitrification	0	0	0	0	0	0	0	0	0	0	0	25	9	0	0	0	0	0	0	0	0	0	0	0	0	0	0	0	0	0	0	92	80	80	10	0	0	24	0	0	0	4	0	0	128	0	0	0	0	0	0	0	0	0	0	0	0	0	83	43	6	5	0	0	0	0	0	0	0	0	0	0	0	0	0	0	0	0	0	0	0	0	0	0	0	30	0	0	18	0	0	4	0	19	5	0	0	0	112	0	0	0	0	0	0	0	292	1079	313	1544	785	666	1202	1051	321	1015	1549	914	1718	1328	1486	1172	1907	54	1909	1101
sulfate_respiration	0	0	0	0	0	0	0	0	0	0	0	0	0	0	0	0	0	0	0	0	0	0	0	0	0	0	0	0	0	0	0	0	0	0	0	0	0	0	0	0	0	0	0	0	0	0	0	0	0	0	0	0	0	0	0	0	0	0	0	0	0	0	0	0	0	0	0	0	0	0	0	0	0	0	0	0	0	0	0	0	0	0	0	0	0	0	0	0	0	0	0	0	0	0	0	0	0	0	0	0	0	0	0	0	0	0	2	7	0	10	9	0	9	3	0	11	23	14	27	55	0	8	20	0	28	42
sulfur_respiration	0	0	0	0	0	0	0	0	0	0	0	0	0	0	0	0	0	0	0	0	0	0	0	0	0	0	0	0	0	0	0	0	0	0	0	0	0	0	0	0	0	0	0	0	0	0	0	0	0	0	0	0	0	0	0	0	0	0	0	0	0	0	0	0	0	0	0	0	0	0	0	0	0	0	0	0	0	0	0	0	0	0	0	0	0	0	0	0	0	0	0	0	0	0	0	0	0	0	0	0	0	0	0	0	0	0	0	0	0	0	0	0	0	0	0	0	0	0	0	6	0	0	0	0	0	0
dark_sulfite_oxidation	0	0	0	0	0	0	0	0	0	0	0	0	0	0	0	0	0	0	0	0	0	0	0	0	0	0	0	0	0	0	0	0	0	0	0	0	0	0	0	0	0	0	0	0	0	0	0	0	0	0	0	0	0	0	0	0	0	0	0	0	0	0	0	0	0	0	0	0	0	0	0	0	0	0	0	0	0	0	0	0	0	0	0	0	0	0	0	0	0	0	0	0	0	0	0	0	0	0	0	0	0	0	0	0	0	0	0	0	0	0	0	0	0	0	0	0	0	0	0	0	0	0	0	0	0	0
sulfite_respiration	0	0	0	0	0	0	0	0	0	0	0	0	0	0	0	0	0	0	0	0	0	0	0	0	0	0	0	0	0	0	0	0	0	0	0	0	0	0	0	0	0	0	0	0	0	0	0	0	0	0	0	0	0	0	0	0	0	0	0	0	0	0	0	0	0	0	0	0	0	0	0	0	0	0	0	0	0	0	0	0	0	0	0	0	0	0	0	0	0	0	0	0	0	0	0	0	0	0	0	0	0	0	0	0	0	0	0	0	0	0	0	0	0	0	0	0	0	0	0	0	0	0	0	0	0	0
thiosulfate_respiration	0	0	0	0	0	0	0	23	0	0	0	0	0	0	0	0	0	0	0	0	0	0	0	0	0	0	0	0	0	0	0	0	0	0	0	0	0	0	0	0	0	0	0	0	0	0	0	0	0	0	0	0	0	0	0	0	0	0	26	0	0	0	0	0	0	0	0	0	0	0	0	0	0	0	0	0	0	0	0	0	0	0	0	0	0	0	0	0	0	0	0	0	0	0	0	0	0	0	0	0	0	0	0	0	0	0	0	0	0	0	0	0	0	0	0	0	0	0	0	0	0	0	0	0	0	0
respiration_of_sulfur_compounds	0	0	0	0	0	0	0	23	0	0	0	0	0	0	0	0	0	0	0	0	0	0	0	0	0	0	0	0	0	0	0	0	0	0	0	0	0	0	0	0	0	0	0	0	0	0	0	0	0	0	0	0	0	0	0	0	0	0	26	0	0	0	0	0	0	0	0	0	0	0	0	0	0	0	0	0	0	0	0	0	0	0	0	0	0	0	0	0	0	0	0	0	0	0	0	0	0	0	0	0	0	0	0	0	0	0	2	7	0	10	9	0	9	3	0	11	23	14	27	61	0	8	20	0	28	42
arsenate_detoxification	0	0	0	0	0	0	0	0	0	0	0	0	0	0	0	0	0	0	0	0	0	0	0	0	0	0	0	0	0	0	0	0	0	0	0	0	0	0	0	0	0	0	0	0	0	0	0	0	0	0	0	0	0	0	0	0	0	0	0	0	0	0	0	0	0	0	0	0	0	0	0	0	0	0	0	0	0	0	0	0	0	0	0	0	0	0	0	0	0	0	0	0	0	0	0	0	0	0	0	0	0	0	0	0	0	0	0	0	0	0	0	0	0	0	0	0	0	0	0	0	0	0	0	0	0	0
arsenate_respiration	0	0	0	0	0	0	0	0	0	0	0	0	0	0	0	0	0	0	0	0	0	0	0	0	0	0	0	0	0	0	0	0	0	0	0	0	0	0	0	0	0	0	0	0	0	0	0	0	0	0	0	0	0	0	0	0	0	0	0	0	0	0	0	0	0	0	0	0	0	0	0	0	0	0	0	0	0	0	0	0	0	0	0	0	0	0	0	0	0	0	0	0	0	0	0	0	0	0	0	0	0	0	0	0	0	0	0	0	0	0	0	0	0	0	0	0	0	0	0	0	0	0	0	0	0	0
dissimilatory_arsenate_reduction	0	0	0	0	0	0	0	0	0	0	0	0	0	0	0	0	0	0	0	0	0	0	0	0	0	0	0	0	0	0	0	0	0	0	0	0	0	0	0	0	0	0	0	0	0	0	0	0	0	0	0	0	0	0	0	0	0	0	0	0	0	0	0	0	0	0	0	0	0	0	0	0	0	0	0	0	0	0	0	0	0	0	0	0	0	0	0	0	0	0	0	0	0	0	0	0	0	0	0	0	0	0	0	0	0	0	0	0	0	0	0	0	0	0	0	0	0	0	0	0	0	0	0	0	0	0
arsenite_oxidation_detoxification	0	0	0	0	0	0	0	0	0	0	0	0	0	0	0	0	0	0	0	0	0	0	0	0	0	0	0	0	0	0	0	0	0	0	0	0	0	0	0	0	0	0	0	0	0	0	0	0	0	0	0	0	0	0	0	0	0	0	0	0	0	0	0	0	0	0	0	0	0	0	0	0	0	0	0	0	0	0	0	0	0	0	0	0	0	0	0	0	0	0	0	0	0	0	0	0	0	0	0	0	0	0	0	0	0	0	0	0	0	0	0	0	0	0	0	0	0	0	0	0	0	0	0	0	0	0
arsenite_oxidation_energy_yielding	0	0	0	0	0	0	0	0	0	0	0	0	0	0	0	0	0	0	0	0	0	0	0	0	0	0	0	0	0	0	0	0	0	0	0	0	0	0	0	0	0	0	0	0	0	0	0	0	0	0	0	0	0	0	0	0	0	0	0	0	0	0	0	0	0	0	0	0	0	0	0	0	0	0	0	0	0	0	0	0	0	0	0	0	0	0	0	0	0	0	0	0	0	0	0	0	0	0	0	0	0	0	0	0	0	0	0	0	0	0	0	0	0	0	0	0	0	0	0	0	0	0	0	0	0	0
dissimilatory_arsenite_oxidation	0	0	0	0	0	0	0	0	0	0	0	0	0	0	0	0	0	0	0	0	0	0	0	0	0	0	0	0	0	0	0	0	0	0	0	0	0	0	0	0	0	0	0	0	0	0	0	0	0	0	0	0	0	0	0	0	0	0	0	0	0	0	0	0	0	0	0	0	0	0	0	0	0	0	0	0	0	0	0	0	0	0	0	0	0	0	0	0	0	0	0	0	0	0	0	0	0	0	0	0	0	0	0	0	0	0	0	0	0	0	0	0	0	0	0	0	0	0	0	0	0	0	0	0	0	0
anammox	0	0	0	0	0	0	0	0	0	0	0	0	0	0	0	0	0	0	0	0	0	0	0	0	0	0	0	0	0	0	0	0	0	0	0	0	0	0	0	0	0	0	0	0	0	0	0	0	0	0	0	0	0	0	0	0	0	0	0	0	0	0	0	0	0	0	0	0	0	0	0	0	0	0	0	0	0	0	0	0	0	0	0	0	0	0	0	0	0	0	0	0	0	0	0	0	0	0	0	0	0	0	0	0	0	0	0	0	0	0	0	0	0	0	0	0	0	0	0	0	0	0	0	0	0	0
nitrate_denitrification	0	0	0	0	0	0	0	177	0	0	0	0	0	0	0	0	0	0	0	0	0	0	0	0	0	53	228	0	0	0	44	0	0	0	0	0	0	0	0	2	0	0	0	0	0	5	0	0	0	0	0	9	0	0	0	0	0	0	11	0	0	0	0	0	0	0	0	0	0	0	0	0	0	0	0	55	0	0	15	0	0	0	0	0	0	0	0	0	0	0	5	0	0	0	0	0	0	0	0	0	0	0	6	15	6	0	0	0	0	0	0	0	0	0	0	42	0	0	0	0	0	0	0	0	0	0
nitrite_denitrification	0	0	0	0	0	0	0	177	0	0	0	0	0	0	0	0	0	0	0	0	0	0	0	0	0	53	228	0	0	0	44	0	0	0	0	0	0	0	0	2	0	0	0	0	0	5	0	0	0	0	0	9	0	0	0	0	0	0	11	0	0	0	0	0	0	0	0	0	0	0	0	0	0	0	0	55	0	0	15	0	0	0	0	0	0	0	0	0	0	0	5	0	0	0	0	0	0	0	0	0	0	0	6	15	6	0	0	0	0	0	0	0	0	0	0	42	0	0	0	0	0	0	0	0	0	0
nitrous_oxide_denitrification	0	0	0	0	0	0	0	0	0	0	0	0	0	0	0	0	0	0	0	0	0	0	0	0	0	0	0	0	0	0	0	0	0	0	0	0	0	0	0	0	0	0	0	0	0	0	0	0	0	0	0	0	0	0	0	0	0	0	0	0	0	0	0	0	0	0	0	0	0	0	0	0	0	0	0	0	0	0	0	0	0	0	0	0	0	0	0	0	0	0	0	0	0	0	0	0	0	0	0	0	0	0	0	0	0	0	0	0	0	0	0	0	0	0	0	0	0	0	0	0	0	0	0	0	0	0
denitrification	0	0	0	0	0	0	0	177	0	0	0	0	0	0	0	0	0	0	0	0	0	0	0	0	0	53	228	0	0	0	44	0	0	0	0	0	0	0	0	2	0	0	0	0	0	5	0	0	0	0	0	9	0	0	0	0	0	0	11	0	0	0	0	0	0	0	0	0	0	0	0	0	0	0	0	55	0	0	15	0	0	0	0	0	0	0	0	0	0	0	5	0	0	0	0	0	0	0	0	0	0	0	6	15	6	0	0	0	0	0	0	0	0	0	0	42	0	0	0	0	0	0	0	0	0	0
chitinolysis	0	0	0	0	0	0	0	13	0	0	0	0	0	0	0	0	0	0	0	0	0	0	0	0	0	0	0	0	0	0	0	0	0	0	0	0	0	0	29	0	0	0	0	0	0	0	0	0	0	0	0	0	0	0	0	0	0	0	0	0	0	0	0	0	0	0	0	0	0	0	0	0	0	0	0	0	0	0	0	0	0	0	0	0	0	0	0	0	0	0	0	0	0	0	0	0	0	0	0	0	0	0	0	0	0	0	49	162	49	97	28	134	476	113	85	181	173	22	184	93	40	198	209	16	349	199
knallgas_bacteria	0	0	0	0	0	0	0	0	0	0	0	0	0	2	0	0	0	0	0	0	0	0	0	0	0	0	0	0	0	0	0	0	0	0	0	0	0	0	0	0	0	0	0	0	0	0	0	0	0	0	0	0	0	0	0	0	0	0	0	0	0	0	0	0	0	0	0	0	0	0	0	0	0	0	39	0	0	0	0	0	0	0	0	0	0	0	0	0	0	0	0	0	0	0	0	0	0	0	0	0	0	0	0	0	0	0	0	0	0	0	0	0	0	0	0	0	0	0	0	0	0	0	0	0	0	0
dark_hydrogen_oxidation	0	0	0	0	0	0	0	22	0	0	0	0	0	2	0	0	0	0	0	0	0	0	0	0	0	40	228	0	0	0	17	0	0	0	0	0	0	0	0	2	0	0	0	0	0	5	0	0	0	0	0	9	0	0	0	0	0	0	0	0	0	0	0	0	0	0	0	0	0	0	0	0	0	0	39	91	0	0	15	0	0	0	0	0	0	0	0	0	0	0	5	0	0	0	0	0	0	0	0	0	0	0	6	0	0	0	0	6	0	6	6	0	9	3	0	48	12	14	15	44	0	8	19	0	12	23
nitrogen_fixation	0	0	14	0	0	0	169	121	404	8233	13678	21786	14020	16384	658	17975	20091	8776	10003	11433	143	939	3810	8440	213	1054	6	40	0	132	57	18268	13843	21184	20564	1115	562	9163	12984	5121	26013	8473	11782	443	3484	290	77	1201	252	0	0	0	0	0	0	0	6	0	25722	28186	36869	31850	1539	8124	14424	32727	3049	30346	23835	30444	142	164	172	300	377	1529	0	0	466	0	21	0	0	37	3370	29843	11120	15779	23976	7561	11503	13324	11649	3221	11671	16128	29724	1500	5883	5755	4891	1486	973	0	0	0	113	47	81	103	81	65	154	59	136	228	81	155	64	72	53	101	107	43	58	57
nitrate_ammonification	0	0	0	0	0	0	0	0	0	0	0	0	0	0	0	0	0	0	0	0	0	0	0	0	0	0	0	0	0	0	0	0	0	0	0	0	0	0	0	0	0	0	0	0	0	0	0	0	0	0	0	0	0	0	0	0	0	0	0	0	0	0	0	0	0	0	0	0	0	0	0	0	0	0	0	0	0	0	0	0	0	0	0	0	0	0	0	0	0	0	0	0	0	0	0	0	0	0	0	0	0	0	0	0	0	0	0	0	0	0	0	0	0	0	0	0	0	0	0	0	0	0	0	0	0	0
nitrite_ammonification	0	0	0	0	0	0	0	0	0	0	0	0	0	0	0	0	0	0	0	0	0	0	0	0	0	0	0	0	0	0	0	0	0	0	0	0	0	0	0	0	0	0	0	0	0	0	0	0	0	0	0	0	0	0	0	0	0	0	0	0	0	0	0	0	0	0	0	0	0	0	0	0	0	0	0	0	0	0	0	0	0	0	0	0	0	0	0	0	0	0	0	0	0	0	0	0	0	0	0	0	0	0	0	0	0	0	0	0	0	0	0	0	0	0	0	0	0	0	0	0	0	0	0	0	0	0
nitrite_respiration	0	0	0	0	0	0	0	177	0	0	0	0	0	0	0	0	0	0	0	0	0	0	0	0	0	53	228	0	0	0	44	0	0	0	0	0	0	0	0	2	0	0	0	0	0	5	0	0	0	0	0	9	0	0	0	0	0	0	11	0	0	0	0	0	0	0	0	0	0	0	0	0	0	0	0	55	0	0	15	0	0	0	0	0	0	0	0	0	0	0	5	0	0	0	0	0	0	0	0	0	0	0	6	15	6	0	0	0	0	0	0	0	0	0	0	42	0	0	0	0	0	0	0	0	0	0
cellulolysis	0	0	0	0	0	0	0	0	0	0	0	0	0	0	0	0	0	0	0	0	0	0	0	0	0	0	0	0	0	0	0	0	0	0	0	0	0	0	0	0	0	0	0	0	5	0	0	0	0	0	0	0	0	0	0	0	0	0	0	0	0	0	0	0	0	0	0	0	0	0	0	0	0	0	0	0	0	0	53	0	0	0	0	0	0	0	0	0	0	0	0	0	0	0	0	0	0	0	0	0	0	0	0	0	0	0	303	225	162	432	260	152	274	229	150	365	132	191	235	271	468	357	460	91	241	245
xylanolysis	0	0	0	0	0	0	0	0	0	0	0	0	0	0	0	0	0	0	0	0	0	0	0	0	0	0	0	0	0	0	0	0	0	0	0	0	0	0	0	0	8	0	0	0	0	0	0	0	0	0	0	0	0	0	0	0	0	0	0	0	0	0	0	0	0	0	0	0	0	0	0	0	0	0	0	0	0	0	0	0	0	0	0	0	0	0	0	0	0	0	0	0	0	0	0	0	0	0	0	0	0	0	0	0	0	0	0	0	0	0	0	0	0	0	0	0	0	0	0	0	0	0	0	0	3	0
dark_sulfide_oxidation	0	0	0	0	0	0	0	0	0	0	0	0	0	0	0	0	0	0	0	0	0	0	0	0	0	0	0	0	0	0	0	0	0	0	0	0	0	0	0	0	0	0	0	0	0	0	0	0	0	0	0	0	0	0	0	0	0	0	0	0	0	0	0	0	0	0	0	0	0	0	0	0	0	0	0	0	0	0	0	0	0	0	0	0	0	0	0	0	0	0	0	0	0	0	0	0	0	0	0	0	0	0	0	0	0	0	0	0	0	0	0	0	0	0	155	0	0	0	0	8	0	0	0	2	0	0
dark_sulfur_oxidation	0	0	0	0	0	0	0	0	0	0	0	0	0	0	0	0	0	0	0	0	0	0	0	0	0	0	0	0	0	0	0	0	0	0	0	0	0	0	0	0	0	0	0	0	0	0	0	0	0	0	0	0	0	0	0	0	0	0	0	0	0	0	0	0	0	0	0	0	0	0	0	0	0	0	0	0	0	0	0	0	0	0	0	0	0	0	0	0	0	0	0	0	0	0	0	0	0	0	0	0	0	0	0	0	0	0	0	0	0	0	0	0	0	0	0	0	0	0	0	0	0	0	0	0	0	0
dark_thiosulfate_oxidation	0	0	0	0	0	0	0	0	0	0	0	0	0	2	0	0	0	0	0	0	0	0	0	0	0	0	0	0	0	0	0	0	0	0	0	0	0	0	0	0	0	0	0	0	0	0	0	0	0	0	0	0	0	0	0	0	0	0	0	0	0	0	0	0	0	0	0	0	0	0	0	0	0	0	0	0	0	0	0	0	0	0	0	0	0	0	0	0	0	0	0	0	0	0	0	0	0	0	0	0	0	0	0	0	0	0	0	0	0	0	0	0	0	0	0	0	0	0	0	0	0	0	0	0	0	0
dark_oxidation_of_sulfur_compounds	0	0	0	0	0	0	0	3325	0	127	137	297	191	689	904	672	687	183	254	363	127	1293	1686	4054	0	39	0	0	0	0	0	203	276	310	691	7	26	1000	1288	266	587	177	126	524	5	9	0	60	32	0	0	0	0	0	0	0	38	0	901	943	593	365	187	109	27	1733	402	1710	929	820	0	5	14	0	72	49	0	0	30	0	0	0	0	89	3037	816	274	90	369	1797	143	283	717	4733	571	1728	925	4293	137	9625	5794	64	144	0	0	0	0	11	0	0	0	0	13	16	183	10	0	0	8	8	0	0	0	2	0	0
manganese_oxidation	0	0	0	0	0	0	0	0	0	0	0	0	0	0	0	0	0	0	0	0	0	0	0	0	0	0	0	0	0	0	0	0	0	0	0	0	0	0	0	0	0	0	0	0	0	0	0	0	0	0	0	0	0	0	0	0	0	0	0	0	0	0	0	0	0	0	0	0	0	0	0	0	0	0	0	0	0	0	0	0	0	0	0	0	0	0	0	0	0	0	0	0	0	0	0	0	0	0	0	0	0	0	0	0	0	0	0	0	0	0	0	0	0	0	0	0	0	0	0	0	0	0	0	0	0	0
manganese_respiration	0	0	0	0	0	0	0	0	0	0	0	0	0	0	0	0	0	0	0	0	0	0	0	0	0	0	0	0	0	0	0	0	0	0	0	0	0	0	0	0	0	0	0	0	0	0	0	0	0	0	0	0	0	0	0	0	0	0	0	0	0	0	0	0	0	0	0	0	0	0	0	0	0	0	0	0	0	0	0	0	0	0	0	0	0	0	0	0	0	0	0	0	0	0	0	0	0	0	0	0	0	0	0	0	0	0	0	0	0	0	0	0	0	0	0	0	0	0	0	6	0	0	2	0	0	0
ligninolysis	0	0	0	0	0	0	0	0	0	0	0	0	0	0	0	0	0	0	0	0	0	0	0	0	0	0	0	0	0	0	0	0	0	0	0	0	0	0	0	0	0	0	0	0	0	0	0	0	0	0	0	0	0	0	0	0	0	0	0	0	0	0	0	0	0	0	0	0	0	0	0	0	0	0	0	0	0	0	0	0	0	0	0	0	0	0	0	0	0	0	0	0	0	0	0	0	0	0	0	0	0	0	0	0	0	0	0	0	0	0	0	0	0	0	0	0	0	0	0	0	0	0	0	0	0	0
fermentation	0	0	8	4	0	462	0	122	220	1211	3186	3846	6833	2205	136	1997	3487	2652	3699	5206	44	0	78	90	5753	571	9	558	35	181	139	1046	1059	1823	2441	5	73	135	1957	554	2889	972	1748	41	62	278	5441	431	0	0	0	6	164	0	9	13	117	54	2654	2986	3368	1568	224	1056	410	1751	1527	2424	1074	3045	10	0	394	184	138	920	64	0	52	62	26	8	14	0	438	3710	3190	3579	4463	329	408	760	5064	44	4123	3293	7635	0	224	75	253	2944	332	126	7	0	38	63	32	63	51	48	76	58	649	54	20	21	67	58	70	69	98	66	59	64
aerobic_chemoheterotrophy	197	18	170	183	81	1506	2723	29699	68248	27284	69438	62329	61237	68410	44906	73810	88331	34693	43509	83396	20768	31412	68924	125828	86530	78827	511	8604	137	47130	45626	73678	67242	66623	70853	4012	22663	38031	57432	24851	75527	24114	50933	8157	49374	104464	46334	63779	105446	179	242	209	1234	48	57	71	60095	56594	81141	76913	90229	86533	22028	53104	59880	79654	21371	77384	61286	84656	10714	410	40164	92008	83608	45893	1876	177	2834	673	160	65	5085	60870	70410	103311	50321	49505	66831	78376	53826	75352	63030	102839	71682	77598	84680	74483	31911	66956	104807	76296	131614	34	54	81	3975	3279	4342	4858	4438	3059	5678	2763	5215	7193	3456	5345	3965	3033	3021	5739	4365	2184	3597	3582
invertebrate_parasites	0	0	0	0	0	0	0	0	0	0	0	0	0	0	0	0	0	0	0	0	0	0	0	0	0	0	0	0	0	0	0	0	0	0	0	0	0	0	0	0	0	0	0	0	0	0	0	0	0	0	0	0	0	0	0	0	0	0	0	0	0	0	0	0	0	0	0	0	0	0	0	0	0	0	0	0	0	0	0	0	0	0	0	0	0	0	0	0	0	0	0	0	0	0	0	0	0	0	0	0	0	0	0	0	0	0	0	0	0	0	0	0	0	0	0	0	0	0	0	0	0	0	0	0	0	0
human_pathogens_septicemia	0	0	0	0	0	0	0	0	0	0	0	0	0	0	0	0	0	0	0	0	0	0	0	0	0	0	0	0	0	0	0	0	0	0	0	0	0	0	0	0	0	0	0	0	0	0	0	0	0	0	0	0	0	0	0	0	0	0	0	0	0	0	0	0	0	0	0	0	0	0	0	0	0	0	0	0	0	0	0	0	0	0	0	0	0	0	0	0	0	0	0	0	0	0	0	0	0	0	0	0	0	0	0	0	0	0	0	0	0	0	0	0	0	0	0	0	0	0	0	0	0	0	0	0	0	0
human_pathogens_pneumonia	0	0	0	0	0	0	0	0	0	0	0	0	0	0	0	0	0	0	0	0	0	0	0	0	0	0	0	0	0	0	0	0	0	0	0	0	0	0	0	0	0	0	0	0	0	0	0	0	0	0	0	0	0	0	0	0	0	0	0	0	0	0	0	0	0	0	0	0	0	0	0	0	0	0	0	0	0	0	0	0	0	0	0	0	0	0	0	0	0	0	0	0	0	0	0	0	0	0	0	0	0	0	0	0	0	0	0	0	0	0	0	0	0	0	0	0	0	0	0	0	0	0	0	0	0	0
human_pathogens_nosocomia	0	0	0	0	0	0	0	0	0	0	0	0	0	0	0	0	0	0	0	0	0	0	0	0	0	0	0	0	0	0	0	0	0	0	0	0	0	0	0	0	0	0	0	0	0	0	0	0	0	0	0	0	0	0	0	0	0	0	0	0	0	0	0	0	0	0	0	0	0	0	0	0	0	0	0	0	0	0	0	0	0	0	0	0	0	0	0	0	0	0	0	0	0	0	0	0	0	0	0	0	0	0	0	0	0	0	0	0	0	0	0	0	0	0	0	0	0	0	0	0	0	0	0	0	0	0
human_pathogens_meningitis	0	0	0	0	0	0	0	0	0	0	0	0	0	0	0	0	0	0	0	0	0	0	0	0	0	0	0	0	0	0	0	0	0	0	0	0	0	0	0	0	0	0	0	0	0	0	0	0	0	0	0	0	0	0	0	0	0	0	0	0	0	0	0	0	0	0	0	0	0	0	0	0	0	0	0	0	0	0	0	0	0	0	0	0	0	0	0	0	0	0	0	0	0	0	0	0	0	0	0	0	0	0	0	0	0	0	0	0	0	0	0	0	0	0	0	0	0	0	0	0	0	0	0	0	0	0
human_pathogens_gastroenteritis	0	0	0	0	0	0	0	0	0	0	0	0	0	0	0	0	0	0	0	0	0	0	0	0	0	0	0	0	0	0	0	0	0	0	0	0	0	0	0	0	0	0	0	0	0	0	0	0	0	0	0	0	0	0	0	0	0	0	0	0	0	0	0	0	0	0	0	0	0	0	0	0	0	0	0	0	0	0	0	0	0	0	0	0	0	0	0	0	0	0	0	0	0	0	0	0	0	0	0	0	0	0	0	0	0	0	0	0	0	0	0	0	0	0	0	0	0	0	0	0	0	0	0	0	0	0
human_pathogens_diarrhea	0	0	0	0	0	0	0	0	0	0	0	0	0	0	0	0	0	0	0	0	0	0	0	0	0	0	0	0	0	0	0	0	0	0	0	0	0	0	0	0	0	0	0	0	0	0	0	0	0	0	0	0	0	0	0	0	0	0	0	0	0	0	0	0	0	0	0	0	0	0	0	0	0	0	0	0	0	0	0	0	0	0	0	0	0	0	0	0	0	0	0	0	0	0	0	0	0	0	0	0	0	0	0	0	0	0	0	0	0	0	0	0	0	0	0	0	0	0	0	0	0	0	0	0	0	0
human_pathogens_all	0	0	0	0	0	0	24	72	0	42	20	174	91	1003	77	194	346	90	146	317	0	525	1947	771	0	16	35	0	0	0	8	136	153	207	119	28	17	132	706	684	117	36	607	78	31	23	0	44	7	5	0	5	0	2	0	0	40	0	158	167	161	98	106	101	321	580	236	442	375	138	0	0	66	0	0	499	57	0	34	0	15	0	0	2	1352	254	194	60	201	261	132	486	147	1267	219	330	337	601	13	1790	808	180	445	0	0	0	88	45	0	0	3	16	176	9	36	29	6	9	0	0	0	4	67	0	27	0
fish_parasites	0	0	0	0	0	0	0	0	0	0	0	0	0	0	0	0	0	0	0	0	0	0	0	0	0	0	0	0	0	0	0	0	0	0	0	0	0	0	0	0	0	0	0	0	0	0	0	0	0	0	0	0	0	0	0	0	0	0	0	0	0	0	0	0	0	0	0	0	0	0	0	0	0	0	0	0	0	0	0	0	0	0	0	0	0	0	0	0	0	0	0	0	0	0	0	0	0	0	0	0	0	0	0	0	0	0	0	0	0	0	0	0	0	0	0	0	0	0	0	0	0	0	0	0	0	0
human_gut	0	0	0	0	0	0	0	0	0	82	177	157	46	60	0	22	90	28	91	645	0	0	0	0	0	0	0	0	0	0	0	0	13	71	109	0	0	0	0	22	66	73	9	0	0	0	0	6	0	0	0	0	0	0	0	0	0	0	0	21	119	83	5	33	0	313	54	277	83	209	0	0	0	0	0	0	0	0	0	0	0	0	0	0	0	673	249	332	247	67	0	45	165	3	118	233	341	0	9	5	0	0	12	0	0	0	0	0	0	0	0	0	0	0	0	0	0	0	0	0	0	0	0	0	0	0
human_associated	0	0	0	0	0	0	24	72	0	124	197	331	137	1063	77	216	436	118	237	962	0	525	1947	771	0	16	35	0	0	0	8	136	166	278	228	28	17	132	706	706	183	109	616	78	31	23	0	50	7	5	0	5	0	2	0	0	40	0	158	188	280	181	111	134	321	893	290	719	458	347	0	0	66	0	0	499	57	0	34	0	15	0	0	2	1352	927	443	392	448	328	132	531	312	1270	337	563	678	601	22	1795	808	180	457	0	0	0	88	45	0	0	3	16	176	9	36	29	6	9	0	0	0	4	67	0	27	0
mammal_gut	0	0	0	0	0	0	0	0	0	82	177	157	46	60	0	22	90	28	91	645	0	0	0	0	0	0	0	0	0	0	0	0	13	71	109	0	0	0	0	22	66	73	9	0	0	0	0	6	0	0	0	0	0	0	0	0	0	0	0	21	119	83	5	33	0	313	54	277	83	209	0	0	0	0	0	0	0	0	0	0	0	0	0	0	0	673	249	332	247	67	0	45	165	3	118	233	341	0	9	5	0	0	12	0	0	0	0	0	0	0	0	0	0	0	0	0	0	0	0	0	0	0	0	0	0	0
animal_parasites_or_symbionts	0	0	0	0	2	91	24	72	0	124	197	331	137	1063	77	216	440	143	237	962	0	525	1947	771	0	16	35	0	0	0	8	136	166	278	234	28	34	132	706	706	183	109	616	78	38	25	0	65	13	5	0	5	0	2	0	7	40	0	158	188	280	181	111	134	321	893	290	719	458	354	0	0	87	0	0	499	57	0	34	0	15	0	0	2	1352	927	443	392	448	333	132	531	312	1270	337	563	678	601	22	1795	808	180	486	0	3	0	116	50	4	21	37	61	178	9	490	104	6	76	0	0	0	7	79	22	27	0
plant_pathogen	0	0	0	0	0	0	0	0	0	0	0	0	0	0	0	0	0	0	0	0	0	0	0	0	0	0	0	0	0	0	0	0	0	0	0	0	0	0	0	0	0	0	0	0	0	0	0	0	0	0	0	0	0	0	0	0	0	0	0	0	0	0	0	0	0	0	0	0	0	0	0	0	0	0	0	0	0	0	0	0	0	0	0	0	0	0	0	0	0	0	0	0	0	0	0	0	0	0	0	0	0	0	0	0	0	0	0	0	0	0	0	0	0	0	0	0	0	0	0	0	0	0	0	0	0	0
oil_bioremediation	0	0	0	0	0	0	0	0	0	0	0	0	0	0	0	0	0	0	0	0	0	0	0	0	0	0	0	0	0	0	0	0	0	0	0	0	0	0	0	0	0	0	0	0	0	0	0	0	0	0	0	0	0	0	0	0	0	0	0	0	0	0	0	0	0	0	0	0	0	0	0	0	0	0	0	0	0	0	0	0	0	0	0	0	0	0	0	0	0	0	0	0	0	0	0	0	0	0	0	0	0	0	0	0	0	0	0	0	0	0	0	0	0	0	0	0	0	0	0	0	0	0	0	0	0	0
aromatic_hydrocarbon_degradation	0	0	0	0	0	0	0	0	0	0	0	0	0	0	0	0	0	0	0	0	0	0	0	0	0	0	0	0	0	0	0	0	0	0	0	0	0	0	0	0	0	0	0	0	0	0	0	0	0	0	0	0	0	0	0	0	0	0	0	18	0	0	0	2	0	0	0	0	0	0	0	0	11	0	0	0	0	0	0	0	0	0	0	0	0	0	0	0	0	0	0	0	0	0	0	0	0	0	0	0	0	0	0	0	0	3	0	0	0	0	0	0	0	0	0	0	0	0	0	0	0	0	2	0	0	0
aromatic_compound_degradation	54	18	0	32	0	0	0	122	123	474	774	481	327	806	252	616	564	274	186	13248	102	88	1238	817	1349	2868	52	62	11	70	38	269	157	109	143	533	16617	72	308	50	26	23	411	44	6308	13929	291	20801	542	0	7	0	0	0	0	0	0	0	360	18	0	0	7739	2211	753	0	5	6	7	10	779	0	146	64	468	957	0	2	33	37	0	0	13	106	566	108	154	11	1239	1878	3088	509	3	5	0	29	145	49	4	279	55	542	296	0	9	3	291	316	319	387	215	121	373	163	127	341	221	125	506	87	196	628	235	134	228	367
aliphatic_non_methane_hydrocarbon_degradation	0	0	0	0	0	0	0	0	0	0	0	0	0	0	0	0	0	0	0	0	0	0	0	0	0	0	0	0	0	0	0	0	0	0	0	0	0	0	0	0	0	0	0	0	0	0	0	0	0	0	0	0	0	0	0	0	0	0	0	18	0	0	0	2	0	0	0	0	0	0	0	0	11	0	0	0	0	0	0	0	0	0	0	0	0	0	0	0	0	0	0	0	0	0	0	0	0	0	0	0	0	0	0	0	0	3	0	0	0	0	0	7	0	0	0	4	0	6	0	0	0	0	4	23	0	0
hydrocarbon_degradation	0	0	0	0	0	36	0	0	0	0	0	0	0	5	0	0	0	0	0	0	0	0	0	0	0	0	2	0	0	0	0	0	0	0	0	0	0	0	0	0	0	0	0	0	0	0	0	0	0	0	0	4	0	0	0	0	0	0	0	18	0	0	0	2	0	0	0	0	0	0	0	0	11	0	0	116	0	0	9	0	0	0	5	0	0	0	0	0	0	0	0	0	0	0	0	0	0	0	2	0	28	0	0	0	0	3	0	0	0	0	0	7	0	0	0	9	9	10	7	8	0	0	10	23	0	12
dark_iron_oxidation	0	0	0	0	0	0	0	0	0	0	0	0	0	0	0	0	0	0	0	0	0	0	0	0	0	0	0	0	0	0	0	0	0	0	0	0	0	0	0	0	0	0	0	0	0	0	0	0	0	0	0	0	0	0	0	0	0	0	0	0	0	0	0	0	0	0	0	0	0	0	0	0	0	0	0	0	0	0	0	0	0	0	0	0	0	0	0	0	0	0	0	0	0	0	0	0	0	0	0	0	0	0	0	0	0	0	0	0	0	0	0	0	9	0	0	0	0	0	0	0	0	0	2	0	0	0
iron_respiration	0	0	0	0	0	0	0	0	0	0	0	0	0	0	0	0	0	0	0	0	0	0	0	0	0	0	0	0	0	0	0	0	0	0	0	0	0	0	0	0	0	0	0	0	0	0	0	0	0	0	0	0	0	0	0	0	0	0	0	0	0	0	0	0	0	0	0	0	0	0	0	0	0	0	0	0	0	0	0	0	0	0	0	0	0	0	0	0	0	0	0	0	0	0	0	0	0	0	0	0	0	0	0	0	0	0	0	0	0	0	0	0	0	0	0	0	0	0	0	6	0	0	2	0	4	7
nitrate_respiration	0	0	0	0	0	0	0	230	132	97	71	131	176	662	0	419	65	0	0	0	0	0	0	0	0	75	228	0	0	98	426	823	729	474	336	41	126	48	19	2	77	0	17	0	2294	22	0	72	30	0	0	9	0	2	0	0	40	26	318	191	106	170	188	2219	604	0	0	0	11	0	0	0	105	0	17	55	24	0	140	0	0	0	0	89	268	118	92	28	62	231	79	2872	0	0	0	0	44	0	167	0	26	731	311	15	6	0	105	59	0	15	3	210	274	16	235	97	55	80	13	4	10	14	69	0	49	14
nitrate_reduction	0	0	0	0	0	0	0	1589	236	1595	2581	4901	2229	3077	507	3437	3686	1269	948	2932	0	37	59	4165	231	1117	232	0	0	119	1257	5876	5928	4771	4944	245	439	1518	4894	6746	4914	2490	3517	24	33980	130	281	1099	165	0	0	9	31	2	0	0	62	169	3890	2658	4250	3215	609	5032	2609	3925	279	4930	2560	3526	0	16	402	154	501	609	39	0	140	0	0	0	0	363	5652	5025	5076	3129	2737	3554	787	9381	4136	8773	2916	5449	5891	357	14554	472	2644	2256	4280	15	6	0	113	59	0	55	3	226	292	16	475	145	55	80	46	4	10	14	97	0	80	84
nitrogen_respiration	0	0	0	0	0	0	0	230	132	97	71	131	176	662	0	419	65	0	0	0	0	0	0	0	0	75	228	0	0	98	426	823	729	474	336	41	126	48	19	2	77	0	17	0	2294	22	0	72	30	0	0	9	0	2	0	0	40	26	318	191	106	170	188	2219	604	0	0	0	11	0	0	0	105	0	17	55	24	0	140	0	0	0	0	89	268	118	92	28	62	231	79	2872	0	0	0	0	44	0	167	0	26	731	311	15	6	0	105	59	0	15	3	210	274	16	235	97	55	80	13	4	10	14	69	0	49	14
fumarate_respiration	0	0	0	0	0	0	0	0	0	0	0	0	0	0	0	0	0	0	0	0	0	0	0	0	0	0	0	0	0	0	0	0	0	0	0	0	0	0	0	0	0	0	0	0	0	0	0	0	0	0	0	0	0	0	0	0	0	0	0	0	0	0	0	0	0	0	0	0	0	0	0	0	0	0	0	0	0	0	0	0	0	0	0	0	0	0	0	0	0	0	0	0	0	0	0	0	0	0	0	0	0	0	0	0	0	0	0	0	0	0	0	0	0	0	0	0	0	0	0	6	0	0	0	0	0	0
intracellular_parasites	0	0	0	0	0	0	0	66	0	97	358	649	182	411	31	874	244	36	151	198	0	1958	491	354	41	0	0	0	0	0	0	0	0	0	0	0	0	0	13	0	0	0	0	280	0	0	1188	38	2	0	0	0	0	0	0	0	0	0	0	0	0	0	0	0	0	0	0	0	0	0	0	0	0	0	0	0	0	0	54	0	0	0	0	0	0	0	0	0	0	0	0	0	0	0	0	0	0	0	11	0	0	0	0	2	0	0	23	22	10	114	127	112	84	98	88	96	124	130	120	95	101	96	89	13	127	132
chlorate_reducers	0	0	0	0	0	0	0	0	0	0	0	0	0	0	0	0	0	0	0	0	0	0	0	0	0	0	0	0	0	0	0	0	0	0	0	0	0	0	0	0	0	0	0	0	0	0	0	0	0	0	0	0	0	0	0	0	0	0	0	0	0	0	0	0	0	0	0	0	0	0	0	0	0	0	0	0	0	0	0	0	0	0	0	0	0	0	0	0	0	0	0	0	0	0	0	0	0	0	0	0	0	0	0	0	0	0	0	0	0	0	0	0	0	0	0	0	0	0	0	0	0	0	0	0	0	0
predatory_or_exoparasitic	0	0	0	0	0	0	0	1282	104	1416	2333	4607	2007	2353	507	2996	3531	1235	857	2287	0	37	59	4165	231	1042	10	0	0	21	814	5060	5186	4226	4463	204	313	1470	4851	6722	4763	2417	3491	24	31686	94	244	1038	135	0	0	0	0	0	0	0	22	143	3572	2449	4025	2962	411	2780	2005	3612	225	4656	2466	3317	0	16	297	154	477	554	15	0	0	0	0	0	0	323	5384	4234	4735	2769	2428	3256	708	6464	3922	8770	2798	5216	5506	357	14378	472	2618	1525	3945	0	0	0	178	741	259	774	511	384	970	795	508	575	912	548	939	913	760	1131	620	194	1556	1095
chloroplasts	0	0	0	0	0	0	0	0	0	0	0	0	0	0	0	0	0	0	0	0	0	0	0	0	0	0	0	0	0	0	0	0	0	0	0	0	0	0	0	0	0	0	0	0	0	0	0	0	0	0	0	0	0	0	0	0	0	0	0	0	0	0	0	0	0	0	0	0	0	0	0	0	0	0	0	0	0	0	0	0	0	0	0	0	0	0	0	0	0	0	0	0	0	0	0	0	0	0	0	0	0	0	0	0	0	0	0	0	0	0	0	0	0	0	0	0	0	0	0	0	0	0	0	0	0	0
nonphotosynthetic_cyanobacteria	0	0	0	0	0	0	0	0	0	338	631	498	716	14	0	26	426	71	90	54	0	0	0	0	0	0	0	0	0	0	0	409	284	488	489	0	0	0	49	3	44	47	0	0	2580	0	0	17	0	0	0	0	0	0	0	0	0	0	265	545	242	393	18	55	0	72	0	74	70	49	0	0	0	0	0	0	0	2	0	0	0	0	0	0	0	657	213	369	710	6	11	415	47	0	21	121	138	0	3363	0	3	0	0	0	0	0	0	0	2	18	0	6	39	17	7	11	0	13	13	24	10	8	0	8	30	26
photosynthetic_cyanobacteria	0	0	0	0	0	0	43	90	0	0	0	0	0	0	0	0	0	0	0	0	5	0	0	0	0	0	0	1639	0	0	30	0	0	0	0	0	730	0	66	0	0	0	0	0	7	0	0	11	0	0	54	0	25	0	0	0	167	0	13	0	0	0	0	0	0	0	0	0	0	0	0	0	0	0	203	0	0	0	0	4	0	0	0	0	0	0	0	0	0	0	0	0	0	0	0	0	0	0	0	0	35	0	47	0	0	0	0	0	0	3	0	0	0	0	4	6	0	0	20	0	7	11	3	0	3	7
anoxygenic_photoautotrophy_H2_oxidizing	0	0	0	0	0	0	0	0	0	0	0	0	0	0	0	0	0	0	0	0	0	0	0	0	0	0	0	0	0	0	0	0	0	0	0	0	0	0	0	0	0	0	0	0	0	0	0	0	0	0	0	0	0	0	0	0	0	0	0	0	0	0	0	0	0	0	0	0	0	0	0	0	0	0	0	0	0	0	0	0	0	0	0	0	0	0	0	0	0	0	0	0	0	0	0	0	0	0	0	0	0	0	0	0	0	0	0	0	0	0	0	0	0	0	0	0	0	0	0	0	0	0	0	0	0	0
anoxygenic_photoautotrophy_S_oxidizing	0	0	0	0	0	0	0	0	0	0	0	0	0	0	0	0	0	0	0	0	0	0	0	0	0	0	0	0	0	0	0	0	0	0	0	0	0	0	0	0	0	0	0	0	0	0	0	0	0	0	0	0	0	0	0	0	0	0	0	0	0	0	0	0	0	0	0	0	0	0	0	0	0	0	0	0	0	0	0	0	0	0	0	0	0	0	0	0	0	0	0	0	0	0	0	0	0	0	0	0	0	0	0	0	0	0	0	0	0	0	0	0	0	0	0	0	0	0	0	0	0	0	0	0	0	0
anoxygenic_photoautotrophy_Fe_oxidizing	0	0	0	0	0	0	0	0	0	0	0	0	0	0	0	0	0	0	0	0	0	0	0	0	0	0	0	0	0	0	0	0	0	0	0	0	0	0	0	0	0	0	0	0	0	0	0	0	0	0	0	0	0	0	0	0	0	0	0	0	0	0	0	0	0	0	0	0	0	0	0	0	0	0	0	0	0	0	0	0	0	0	0	0	0	0	0	0	0	0	0	0	0	0	0	0	0	0	0	0	0	0	0	0	0	0	0	0	0	0	0	0	0	0	0	0	0	0	0	0	0	0	0	0	0	0
anoxygenic_photoautotrophy	0	0	0	0	0	0	0	0	0	0	0	0	0	0	0	0	0	0	0	0	0	0	0	0	0	0	0	0	0	0	0	0	0	0	0	0	0	0	0	0	0	0	0	0	0	0	0	0	0	0	0	0	0	0	0	0	0	0	0	0	0	0	0	0	0	0	0	0	0	0	0	0	0	0	0	0	0	0	0	0	0	0	0	0	0	0	0	0	0	0	0	0	0	0	0	0	0	0	0	0	0	0	0	0	0	0	0	0	0	0	0	0	0	0	0	0	0	0	0	0	0	0	0	0	0	0
oxygenic_photoautotrophy	0	0	0	0	0	0	43	90	0	0	0	0	0	0	0	0	0	0	0	0	5	0	0	0	0	0	0	1639	0	0	30	0	0	0	0	0	730	0	66	0	0	0	0	0	7	0	0	11	0	0	54	0	25	0	0	0	167	0	13	0	0	0	0	0	0	0	0	0	0	0	0	0	0	0	203	0	0	0	0	4	0	0	0	0	0	0	0	0	0	0	0	0	0	0	0	0	0	0	0	0	35	0	47	0	0	0	0	0	0	3	0	0	0	0	4	6	0	0	20	0	7	11	3	0	3	7
photoautotrophy	0	0	0	0	0	0	43	90	0	0	0	0	0	0	0	0	0	0	0	0	5	0	0	0	0	0	0	1639	0	0	30	0	0	0	0	0	730	0	66	0	0	0	0	0	7	0	0	11	0	0	54	0	25	0	0	0	167	0	13	0	0	0	0	0	0	0	0	0	0	0	0	0	0	0	203	0	0	0	0	4	0	0	0	0	0	0	0	0	0	0	0	0	0	0	0	0	0	0	0	0	35	0	47	0	0	0	0	0	0	3	0	0	0	0	4	6	0	0	20	0	7	11	3	0	3	7
aerobic_anoxygenic_phototrophy	0	0	0	0	0	0	0	0	0	0	0	0	0	0	0	0	0	0	0	0	0	0	0	0	0	0	0	0	0	0	0	0	0	0	0	0	0	0	0	0	0	0	0	0	0	0	0	0	0	0	0	0	0	0	0	0	0	0	0	0	0	0	0	0	0	0	0	0	0	0	0	0	0	0	0	0	0	0	0	0	0	0	0	0	0	0	0	0	0	0	0	0	0	0	0	0	0	0	0	0	0	0	0	0	0	0	0	0	0	0	0	0	0	0	0	0	0	0	0	0	0	0	0	0	0	0
photoheterotrophy	0	0	0	0	0	0	0	0	0	0	0	0	0	0	0	0	0	0	0	10	0	0	0	0	0	0	3	0	0	0	0	0	0	0	0	0	0	0	0	0	0	0	0	0	0	0	29	0	3	0	0	0	0	0	0	0	0	0	0	0	0	0	0	0	0	0	0	0	0	0	0	0	0	0	0	26	0	0	0	0	0	0	0	0	0	0	0	0	0	0	0	0	0	0	0	0	0	0	0	0	0	0	0	0	0	0	10	0	0	0	0	0	10	9	15	0	14	22	20	19	19	9	30	0	0	19
phototrophy	0	0	0	0	0	0	43	90	0	0	0	0	0	0	0	0	0	0	0	10	5	0	0	0	0	0	3	1639	0	0	30	0	0	0	0	0	730	0	66	0	0	0	0	0	7	0	29	11	3	0	54	0	25	0	0	0	167	0	13	0	0	0	0	0	0	0	0	0	0	0	0	0	0	0	203	26	0	0	0	4	0	0	0	0	0	0	0	0	0	0	0	0	0	0	0	0	0	0	0	0	35	0	47	0	0	0	10	0	0	3	0	0	10	9	19	6	14	22	40	19	26	20	33	0	3	26
plastic_degradation	0	0	0	0	0	0	0	0	0	0	0	0	0	0	0	0	0	0	0	0	0	0	0	0	0	0	0	0	0	0	0	0	0	0	0	0	0	0	0	0	0	0	0	0	0	0	0	0	0	0	0	0	0	0	0	0	0	0	0	0	0	0	0	0	0	0	0	0	0	0	0	0	0	0	0	0	0	0	0	0	0	0	0	0	0	0	0	0	0	0	0	0	0	0	0	0	0	0	0	0	0	0	0	0	0	0	0	0	0	0	0	0	0	0	0	0	0	0	0	0	0	0	0	0	0	0
ureolysis	0	0	11	9	0	0	46	122	51	4531	7100	12986	6400	11216	642	10708	12856	3889	5968	6255	70	1257	3291	4989	147	955	6	0	0	0	29	6141	4379	8727	9236	803	279	4453	6388	2861	14756	3967	5274	324	188	1132	97	633	148	0	0	0	30	0	0	2	6	0	12599	13276	23634	17830	1994	4761	10002	26220	1883	18158	14037	18137	100	98	159	182	346	1315	0	0	472	15	0	0	0	54	4779	12929	3838	6803	12061	6157	2888	6368	5078	2365	4033	5502	12541	1560	2830	10136	6923	959	974	0	0	0	116	47	81	126	81	61	150	59	106	265	81	155	87	72	53	110	115	43	50	68
reductive_acetogenesis	0	0	0	0	0	0	0	0	0	0	0	0	0	0	0	0	0	0	0	0	0	0	0	0	0	0	0	0	0	0	0	0	0	0	0	0	0	0	0	0	0	0	0	0	0	0	0	0	0	0	0	0	0	0	0	0	0	0	0	0	0	0	0	0	0	0	0	0	0	0	0	0	0	0	0	0	0	0	0	0	0	0	0	0	0	0	0	0	0	0	0	0	0	0	0	0	0	0	0	0	0	0	0	0	0	0	0	0	0	0	0	0	0	0	0	0	0	0	0	0	0	0	0	0	0	0
chemoheterotrophy	197	18	178	192	81	1929	2723	29885	68380	27284	69438	62345	61237	69185	44982	74008	88344	34728	43591	83524	20807	31421	69407	127788	86559	78839	520	8604	168	47311	45786	73689	67242	66627	71571	4099	22780	38217	57781	24851	75538	24114	50944	8174	49382	105466	51844	63902	105446	179	242	215	1428	48	66	86	60212	56594	81159	76945	90261	86547	23203	54094	60710	79673	21379	77384	61286	84659	10724	410	40175	92192	83735	46518	1940	177	2905	750	186	73	5099	60922	73179	103311	50357	49517	66834	79499	54149	76018	63205	102861	71695	77642	84701	74571	31920	71196	109745	76428	131892	160	61	84	4213	4403	4708	6372	4923	3608	8363	4788	6229	8234	5711	5804	5904	4591	4437	7362	6051	2315	7374	6269
